"","date","index","Time"
"1",2018-01-02,64.97,"before_2020"
"2",2018-01-03,64.84,"before_2020"
"3",2018-01-04,64.95,"before_2020"
"4",2018-01-05,64.77,"before_2020"
"5",2018-01-08,65.06,"before_2020"
"6",2018-01-09,64.91,"before_2020"
"7",2018-01-10,64.64,"before_2020"
"8",2018-01-11,64.35,"before_2020"
"9",2018-01-12,64.25,"before_2020"
"10",2018-01-15,65.4,"before_2020"
"11",2018-01-16,65.53,"before_2020"
"12",2018-01-17,64.83,"before_2020"
"13",2018-01-18,64.55,"before_2020"
"14",2018-01-19,64.71,"before_2020"
"15",2018-01-22,64.26,"before_2020"
"16",2018-01-23,64.22,"before_2020"
"17",2018-01-24,63.91,"before_2020"
"18",2018-01-25,64.25,"before_2020"
"19",2018-01-26,64.55,"before_2020"
"20",2018-01-29,64.2,"before_2020"
"21",2018-01-30,63.95,"before_2020"
"22",2018-01-31,64.03,"before_2020"
"23",2018-02-01,63.66,"before_2020"
"24",2018-02-02,63.82,"before_2020"
"25",2018-02-05,63.08,"before_2020"
"26",2018-02-06,59.33,"before_2020"
"27",2018-02-07,60.67,"before_2020"
"28",2018-02-08,60.48,"before_2020"
"29",2018-02-09,59.65,"before_2020"
"30",2018-02-12,59.89,"before_2020"
"31",2018-02-21,61.14,"before_2020"
"32",2018-02-22,61.93,"before_2020"
"33",2018-02-23,62.06,"before_2020"
"34",2018-02-26,62.26,"before_2020"
"35",2018-02-27,62.47,"before_2020"
"36",2018-03-01,62.39,"before_2020"
"37",2018-03-02,61.94,"before_2020"
"38",2018-03-05,62.03,"before_2020"
"39",2018-03-06,62.78,"before_2020"
"40",2018-03-07,64.18,"before_2020"
"41",2018-03-08,64.82,"before_2020"
"42",2018-03-09,65,"before_2020"
"43",2018-03-12,65.07,"before_2020"
"44",2018-03-13,65.49,"before_2020"
"45",2018-03-14,65.9,"before_2020"
"46",2018-03-15,66.91,"before_2020"
"47",2018-03-16,67.35,"before_2020"
"48",2018-03-19,68.18,"before_2020"
"49",2018-03-20,68.67,"before_2020"
"50",2018-03-21,68.45,"before_2020"
"51",2018-03-22,67.44,"before_2020"
"52",2018-03-23,67.05,"before_2020"
"53",2018-03-26,68.93,"before_2020"
"54",2018-03-27,68.93,"before_2020"
"55",2018-03-28,69.56,"before_2020"
"56",2018-03-29,70.65,"before_2020"
"57",2018-03-30,70.25,"before_2020"
"58",2018-04-02,71.32,"before_2020"
"59",2018-04-03,72.03,"before_2020"
"60",2018-04-09,74.43,"before_2020"
"61",2018-04-10,72.28,"before_2020"
"62",2018-04-11,72.97,"before_2020"
"63",2018-04-12,72.44,"before_2020"
"64",2018-04-13,55.27,"before_2020"
"65",2018-04-16,71.46,"before_2020"
"66",2018-04-17,70.12,"before_2020"
"67",2018-04-18,70.56,"before_2020"
"68",2018-04-19,71.69,"before_2020"
"69",2018-04-20,71.54,"before_2020"
"70",2018-04-23,72.97,"before_2020"
"71",2018-04-24,70.92,"before_2020"
"72",2018-04-25,71.92,"before_2020"
"73",2018-04-26,69.79,"before_2020"
"74",2018-04-27,70.8,"before_2020"
"75",2018-04-30,70.72,"before_2020"
"76",2018-05-02,71.51,"before_2020"
"77",2018-05-03,72.01,"before_2020"
"78",2018-05-04,71.39,"before_2020"
"79",2018-05-07,71.56,"before_2020"
"80",2018-05-08,70.82,"before_2020"
"81",2018-05-09,70.21,"before_2020"
"82",2018-05-10,70.99,"before_2020"
"83",2018-05-11,70.43,"before_2020"
"84",2018-05-14,71.14,"before_2020"
"85",2018-05-15,71.78,"before_2020"
"86",2018-05-16,71.59,"before_2020"
"87",2018-05-17,70.77,"before_2020"
"88",2018-05-18,71.68,"before_2020"
"89",2018-05-21,71.95,"before_2020"
"90",2018-05-22,71.63,"before_2020"
"91",2018-05-23,72.19,"before_2020"
"92",2018-05-24,73.57,"before_2020"
"93",2018-05-25,72.31,"before_2020"
"94",2018-05-28,71.21,"before_2020"
"95",2018-05-29,70.52,"before_2020"
"96",2018-05-30,70.65,"before_2020"
"97",2018-05-31,71.5,"before_2020"
"98",2018-06-01,72.35,"before_2020"
"99",2018-06-04,72.67,"before_2020"
"100",2018-06-05,72.48,"before_2020"
"101",2018-06-06,72.59,"before_2020"
"102",2018-06-07,72.05,"before_2020"
"103",2018-06-08,71.53,"before_2020"
"104",2018-06-11,71.38,"before_2020"
"105",2018-06-12,72.18,"before_2020"
"106",2018-06-13,71.19,"before_2020"
"107",2018-06-14,70.87,"before_2020"
"108",2018-06-15,70.71,"before_2020"
"109",2018-06-19,70.1,"before_2020"
"110",2018-06-20,69.8,"before_2020"
"111",2018-06-21,70.92,"before_2020"
"112",2018-06-22,70.33,"before_2020"
"113",2018-06-25,69.94,"before_2020"
"114",2018-06-26,69.84,"before_2020"
"115",2018-06-27,70,"before_2020"
"116",2018-06-28,69.79,"before_2020"
"117",2018-06-29,70.67,"before_2020"
"118",2018-07-02,70.3,"before_2020"
"119",2018-07-03,69.28,"before_2020"
"120",2018-07-04,68.6,"before_2020"
"121",2018-07-05,67.2,"before_2020"
"122",2018-07-06,41.82,"before_2020"
"123",2018-07-09,68.27,"before_2020"
"124",2018-07-10,68.67,"before_2020"
"125",2018-07-11,69.27,"before_2020"
"126",2018-07-12,70.44,"before_2020"
"127",2018-07-13,71.89,"before_2020"
"128",2018-07-16,72.54,"before_2020"
"129",2018-07-17,71.87,"before_2020"
"130",2018-07-18,71.13,"before_2020"
"131",2018-07-19,70.61,"before_2020"
"132",2018-07-20,70.13,"before_2020"
"133",2018-07-23,69.18,"before_2020"
"134",2018-07-24,69.78,"before_2020"
"135",2018-07-25,69.63,"before_2020"
"136",2018-07-26,69.87,"before_2020"
"137",2018-07-27,69.34,"before_2020"
"138",2018-07-30,69.02,"before_2020"
"139",2018-07-31,69.34,"before_2020"
"140",2018-08-01,69.72,"before_2020"
"141",2018-08-02,69.57,"before_2020"
"142",2018-08-03,71.13,"before_2020"
"143",2018-08-06,71.84,"before_2020"
"144",2018-08-07,71.54,"before_2020"
"145",2018-08-08,70.74,"before_2020"
"146",2018-08-09,70.33,"before_2020"
"147",2018-08-10,69.87,"before_2020"
"148",2018-08-13,67.82,"before_2020"
"149",2018-08-14,68.18,"before_2020"
"150",2018-08-15,67.3,"before_2020"
"151",2018-08-16,67.88,"before_2020"
"152",2018-08-17,67.59,"before_2020"
"153",2018-08-20,67.25,"before_2020"
"154",2018-08-21,67.76,"before_2020"
"155",2018-08-22,67.67,"before_2020"
"156",2018-08-23,67.23,"before_2020"
"157",2018-08-24,66.91,"before_2020"
"158",2018-08-27,67.13,"before_2020"
"159",2018-08-28,67.15,"before_2020"
"160",2018-08-29,67.06,"before_2020"
"161",2018-08-30,67.35,"before_2020"
"162",2018-08-31,67.51,"before_2020"
"163",2018-09-03,66.53,"before_2020"
"164",2018-09-04,66.91,"before_2020"
"165",2018-09-05,66.43,"before_2020"
"166",2018-09-06,66.17,"before_2020"
"167",2018-09-07,65.52,"before_2020"
"168",2018-09-10,63.77,"before_2020"
"169",2018-09-11,64.28,"before_2020"
"170",2018-09-12,64.77,"before_2020"
"171",2018-09-13,65.35,"before_2020"
"172",2018-09-14,66.01,"before_2020"
"173",2018-09-17,65.48,"before_2020"
"174",2018-09-18,65.19,"before_2020"
"175",2018-09-19,65.82,"before_2020"
"176",2018-09-20,65.95,"before_2020"
"177",2018-09-21,67.03,"before_2020"
"178",2018-09-25,67.51,"before_2020"
"179",2018-09-26,67.56,"before_2020"
"180",2018-09-27,67.48,"before_2020"
"181",2018-09-28,67.82,"before_2020"
"182",2018-10-01,68.7,"before_2020"
"183",2018-10-02,68.53,"before_2020"
"184",2018-10-03,68.69,"before_2020"
"185",2018-10-04,68.61,"before_2020"
"186",2018-10-05,67.15,"before_2020"
"187",2018-10-08,67.29,"before_2020"
"188",2018-10-09,66.48,"before_2020"
"189",2018-10-11,61.58,"before_2020"
"190",2018-10-12,62.42,"before_2020"
"191",2018-10-15,62.71,"before_2020"
"192",2018-10-16,63.19,"before_2020"
"193",2018-10-17,63.2,"before_2020"
"194",2018-10-18,63.28,"before_2020"
"195",2018-10-19,63.2,"before_2020"
"196",2018-10-22,62.89,"before_2020"
"197",2018-10-23,61.06,"before_2020"
"198",2018-10-24,59.95,"before_2020"
"199",2018-10-25,57.16,"before_2020"
"200",2018-10-26,55.61,"before_2020"
"201",2018-10-29,54.65,"before_2020"
"202",2018-10-30,53.74,"before_2020"
"203",2018-10-31,53.86,"before_2020"
"204",2018-11-01,54.37,"before_2020"
"205",2018-11-02,53.96,"before_2020"
"206",2018-11-05,53.33,"before_2020"
"207",2018-11-06,52.43,"before_2020"
"208",2018-11-07,52.62,"before_2020"
"209",2018-11-08,52.48,"before_2020"
"210",2018-11-09,53.3,"before_2020"
"211",2018-11-12,53,"before_2020"
"212",2018-11-13,52.79,"before_2020"
"213",2018-11-14,52.58,"before_2020"
"214",2018-11-15,52.44,"before_2020"
"215",2018-11-16,52.37,"before_2020"
"216",2018-11-19,53.2,"before_2020"
"217",2018-11-20,53.5,"before_2020"
"218",2018-11-21,53.72,"before_2020"
"219",2018-11-22,54.16,"before_2020"
"220",2018-11-23,53.94,"before_2020"
"221",2018-11-26,54.36,"before_2020"
"222",2018-11-27,55.01,"before_2020"
"223",2018-11-28,55.49,"before_2020"
"224",2018-11-29,55.93,"before_2020"
"225",2018-11-30,56.16,"before_2020"
"226",2018-12-03,57.5,"before_2020"
"227",2018-12-04,57.13,"before_2020"
"228",2018-12-05,56.48,"before_2020"
"229",2018-12-06,54.63,"before_2020"
"230",2018-12-07,55.57,"before_2020"
"231",2018-12-10,55.08,"before_2020"
"232",2018-12-11,55.56,"before_2020"
"233",2018-12-12,55.96,"before_2020"
"234",2018-12-13,56.21,"before_2020"
"235",2018-12-14,55.58,"before_2020"
"236",2018-12-17,55.85,"before_2020"
"237",2018-12-18,55.21,"before_2020"
"238",2018-12-19,55.04,"before_2020"
"239",2018-12-20,54.32,"before_2020"
"240",2018-12-21,54.52,"before_2020"
"241",2018-12-24,54.82,"before_2020"
"242",2018-12-25,54.37,"before_2020"
"243",2018-12-26,53.84,"before_2020"
"244",2018-12-27,54.51,"before_2020"
"245",2018-12-28,55.27,"before_2020"
"246",2019-01-02,55.12,"before_2020"
"247",2019-01-03,55.27,"before_2020"
"248",2019-01-04,56.08,"before_2020"
"249",2019-01-07,56.75,"before_2020"
"250",2019-01-08,57.64,"before_2020"
"251",2019-01-09,57.89,"before_2020"
"252",2019-01-10,57.73,"before_2020"
"253",2019-01-11,57.8,"before_2020"
"254",2019-01-14,57.52,"before_2020"
"255",2019-01-15,57.73,"before_2020"
"256",2019-01-16,56.91,"before_2020"
"257",2019-01-17,57.33,"before_2020"
"258",2019-01-18,57.68,"before_2020"
"259",2019-01-21,58.08,"before_2020"
"260",2019-01-22,57.98,"before_2020"
"261",2019-01-23,58.37,"before_2020"
"262",2019-01-24,59,"before_2020"
"263",2019-01-25,58.64,"before_2020"
"264",2019-01-28,59.01,"before_2020"
"265",2019-01-29,58.84,"before_2020"
"266",2019-01-30,58.93,"before_2020"
"267",2019-02-11,35.21,"before_2020"
"268",2019-02-12,35.22,"before_2020"
"269",2019-02-13,35.47,"before_2020"
"270",2019-02-14,35.36,"before_2020"
"271",2019-02-15,35.36,"before_2020"
"272",2019-02-18,35.36,"before_2020"
"273",2019-02-19,35.34,"before_2020"
"274",2019-02-20,35.39,"before_2020"
"275",2019-02-21,36.23,"before_2020"
"276",2019-02-22,36.12,"before_2020"
"277",2019-02-25,36.97,"before_2020"
"278",2019-02-26,36.53,"before_2020"
"279",2019-02-27,36.44,"before_2020"
"280",2019-03-04,36.22,"before_2020"
"281",2019-03-05,36,"before_2020"
"282",2019-03-06,36.09,"before_2020"
"283",2019-03-07,35.97,"before_2020"
"284",2019-03-08,36.4,"before_2020"
"285",2019-03-11,36.08,"before_2020"
"286",2019-03-12,36.3,"before_2020"
"287",2019-03-13,36.28,"before_2020"
"288",2019-03-14,37.03,"before_2020"
"289",2019-03-15,37.15,"before_2020"
"290",2019-03-18,36.93,"before_2020"
"291",2019-03-19,36.51,"before_2020"
"292",2019-03-20,36.27,"before_2020"
"293",2019-03-21,36.16,"before_2020"
"294",2019-03-22,36.19,"before_2020"
"295",2019-03-25,36.04,"before_2020"
"296",2019-03-26,36.06,"before_2020"
"297",2019-03-27,36.06,"before_2020"
"298",2019-03-28,36.64,"before_2020"
"299",2019-03-29,36.63,"before_2020"
"300",2019-04-01,36.35,"before_2020"
"301",2019-04-02,36.54,"before_2020"
"302",2019-04-03,36.22,"before_2020"
"303",2019-04-08,36.13,"before_2020"
"304",2019-04-09,36.12,"before_2020"
"305",2019-04-10,36.42,"before_2020"
"306",2019-04-11,36.11,"before_2020"
"307",2019-04-12,34.29,"before_2020"
"308",2019-04-15,33.35,"before_2020"
"309",2019-04-16,33.44,"before_2020"
"310",2019-04-17,33.02,"before_2020"
"311",2019-04-18,32.96,"before_2020"
"312",2019-04-19,33.28,"before_2020"
"313",2019-04-22,33.5,"before_2020"
"314",2019-04-23,33.6,"before_2020"
"315",2019-04-24,33.57,"before_2020"
"316",2019-04-25,33.36,"before_2020"
"317",2019-04-26,33.24,"before_2020"
"318",2019-04-29,33.45,"before_2020"
"319",2019-04-30,33.56,"before_2020"
"320",2019-05-02,33.33,"before_2020"
"321",2019-05-03,33.43,"before_2020"
"322",2019-05-06,33.18,"before_2020"
"323",2019-05-07,33.31,"before_2020"
"324",2019-05-08,33.07,"before_2020"
"325",2019-05-09,32.84,"before_2020"
"326",2019-05-10,32.83,"before_2020"
"327",2019-05-13,32.06,"before_2020"
"328",2019-05-14,32.06,"before_2020"
"329",2019-05-15,32.9,"before_2020"
"330",2019-05-16,32.62,"before_2020"
"331",2019-05-17,32.26,"before_2020"
"332",2019-05-20,32.47,"before_2020"
"333",2019-05-21,33.26,"before_2020"
"334",2019-05-22,33.2,"before_2020"
"335",2019-05-23,33.08,"before_2020"
"336",2019-05-24,33.02,"before_2020"
"337",2019-05-27,33.27,"before_2020"
"338",2019-05-28,33.6,"before_2020"
"339",2019-05-29,33.61,"before_2020"
"340",2019-05-30,33.57,"before_2020"
"341",2019-05-31,33.55,"before_2020"
"342",2019-06-03,33.79,"before_2020"
"343",2019-06-04,33.66,"before_2020"
"344",2019-06-05,33.71,"before_2020"
"345",2019-06-06,33.57,"before_2020"
"346",2019-06-10,33.61,"before_2020"
"347",2019-06-11,33.38,"before_2020"
"348",2019-06-12,33.37,"before_2020"
"349",2019-06-13,33.56,"before_2020"
"350",2019-06-14,33.61,"before_2020"
"351",2019-06-17,33.68,"before_2020"
"352",2019-06-18,33.5,"before_2020"
"353",2019-06-19,33.99,"before_2020"
"354",2019-06-20,34.08,"before_2020"
"355",2019-06-21,33.49,"before_2020"
"356",2019-06-24,34.01,"before_2020"
"357",2019-06-25,33.66,"before_2020"
"358",2019-06-26,33.67,"before_2020"
"359",2019-06-27,33.96,"before_2020"
"360",2019-06-28,33.95,"before_2020"
"361",2019-07-01,33.99,"before_2020"
"362",2019-07-02,34.01,"before_2020"
"363",2019-07-03,34.05,"before_2020"
"364",2019-07-04,34.06,"before_2020"
"365",2019-07-05,33.99,"before_2020"
"366",2019-07-08,33.6,"before_2020"
"367",2019-07-09,34.1,"before_2020"
"368",2019-07-10,34.28,"before_2020"
"369",2019-07-11,34.21,"before_2020"
"370",2019-07-12,33.94,"before_2020"
"371",2019-07-15,33.97,"before_2020"
"372",2019-07-16,34.38,"before_2020"
"373",2019-07-17,34.34,"before_2020"
"374",2019-07-18,34.13,"before_2020"
"375",2019-07-19,34.01,"before_2020"
"376",2019-07-22,34.06,"before_2020"
"377",2019-07-23,33.8,"before_2020"
"378",2019-07-24,33.47,"before_2020"
"379",2019-07-25,33.76,"before_2020"
"380",2019-07-26,33.79,"before_2020"
"381",2019-07-29,33.78,"before_2020"
"382",2019-07-30,33.56,"before_2020"
"383",2019-07-31,33.35,"before_2020"
"384",2019-08-01,33.36,"before_2020"
"385",2019-08-02,33.32,"before_2020"
"386",2019-08-05,33.22,"before_2020"
"387",2019-08-06,32.95,"before_2020"
"388",2019-08-07,32.98,"before_2020"
"389",2019-08-08,33.17,"before_2020"
"390",2019-08-12,33.02,"before_2020"
"391",2019-08-13,32.78,"before_2020"
"392",2019-08-14,32.65,"before_2020"
"393",2019-08-15,32.15,"before_2020"
"394",2019-08-16,32.21,"before_2020"
"395",2019-08-19,32.08,"before_2020"
"396",2019-08-20,32.07,"before_2020"
"397",2019-08-21,32.38,"before_2020"
"398",2019-08-23,32.24,"before_2020"
"399",2019-08-26,32.24,"before_2020"
"400",2019-08-27,31.96,"before_2020"
"401",2019-08-28,32.33,"before_2020"
"402",2019-08-29,32.25,"before_2020"
"403",2019-08-30,32.07,"before_2020"
"404",2019-09-02,32.18,"before_2020"
"405",2019-09-03,32.32,"before_2020"
"406",2019-09-04,32.43,"before_2020"
"407",2019-09-05,33.18,"before_2020"
"408",2019-09-06,32.81,"before_2020"
"409",2019-09-09,32.69,"before_2020"
"410",2019-09-10,32.82,"before_2020"
"411",2019-09-11,32.72,"before_2020"
"412",2019-09-12,32.43,"before_2020"
"413",2019-09-16,32.52,"before_2020"
"414",2019-09-17,32.73,"before_2020"
"415",2019-09-18,32.53,"before_2020"
"416",2019-09-19,32.97,"before_2020"
"417",2019-09-20,32.85,"before_2020"
"418",2019-09-23,33.13,"before_2020"
"419",2019-09-24,33.01,"before_2020"
"420",2019-09-25,32.79,"before_2020"
"421",2019-09-26,32.86,"before_2020"
"422",2019-09-27,32.65,"before_2020"
"423",2019-10-01,32.08,"before_2020"
"424",2019-10-02,32.16,"before_2020"
"425",2019-10-03,32.06,"before_2020"
"426",2019-10-04,31.89,"before_2020"
"427",2019-10-07,31.9,"before_2020"
"428",2019-10-08,32.1,"before_2020"
"429",2019-10-09,31.98,"before_2020"
"430",2019-10-14,31.79,"before_2020"
"431",2019-10-15,31.79,"before_2020"
"432",2019-10-16,31.94,"before_2020"
"433",2019-10-17,32.08,"before_2020"
"434",2019-10-18,32.08,"before_2020"
"435",2019-10-21,32.13,"before_2020"
"436",2019-10-22,32.72,"before_2020"
"437",2019-10-23,32.82,"before_2020"
"438",2019-10-24,32.4,"before_2020"
"439",2019-10-25,32.5,"before_2020"
"440",2019-10-28,32.4,"before_2020"
"441",2019-10-29,32.05,"before_2020"
"442",2019-10-30,32.02,"before_2020"
"443",2019-10-31,32.12,"before_2020"
"444",2019-11-01,32.02,"before_2020"
"445",2019-11-04,32.13,"before_2020"
"446",2019-11-05,32.25,"before_2020"
"447",2019-11-06,32.48,"before_2020"
"448",2019-11-07,32.37,"before_2020"
"449",2019-11-08,32.28,"before_2020"
"450",2019-11-11,32.48,"before_2020"
"451",2019-11-12,32.09,"before_2020"
"452",2019-11-13,32.05,"before_2020"
"453",2019-11-14,32.03,"before_2020"
"454",2019-11-15,31.88,"before_2020"
"455",2019-11-18,31.8,"before_2020"
"456",2019-11-19,31.58,"before_2020"
"457",2019-11-20,31.26,"before_2020"
"458",2019-11-21,31.69,"before_2020"
"459",2019-11-22,31.64,"before_2020"
"460",2019-11-25,31.54,"before_2020"
"461",2019-11-26,66.05,"before_2020"
"462",2019-11-27,66.01,"before_2020"
"463",2019-11-28,66.18,"before_2020"
"464",2019-11-29,66.5,"before_2020"
"465",2019-12-02,65.76,"before_2020"
"466",2019-12-03,65.32,"before_2020"
"467",2019-12-04,65.46,"before_2020"
"468",2019-12-05,65.32,"before_2020"
"469",2019-12-06,65.53,"before_2020"
"470",2019-12-09,65.74,"before_2020"
"471",2019-12-10,65.09,"before_2020"
"472",2019-12-11,64.74,"before_2020"
"473",2019-12-12,64.57,"before_2020"
"474",2019-12-13,64.01,"before_2020"
"475",2019-12-16,63.4,"before_2020"
"476",2019-12-17,63.98,"before_2020"
"477",2019-12-18,64.25,"before_2020"
"478",2019-12-19,63.99,"before_2020"
"479",2019-12-20,64.14,"before_2020"
"480",2019-12-23,64.23,"before_2020"
"481",2019-12-24,64.51,"before_2020"
"482",2019-12-25,64.29,"before_2020"
"483",2019-12-26,64.4,"before_2020"
"484",2019-12-27,64.46,"before_2020"
"485",2019-12-30,64.53,"before_2020"
"486",2019-12-31,64.95,"before_2020"
"487",2020-01-02,65.38,"after_2020"
"488",2020-01-03,65.8,"after_2020"
"489",2020-01-06,65.34,"after_2020"
"490",2020-01-07,64.92,"after_2020"
"491",2020-01-08,64.22,"after_2020"
"492",2020-01-09,63.53,"after_2020"
"493",2020-01-10,64.03,"after_2020"
"494",2020-01-13,64.51,"after_2020"
"495",2020-01-14,64.63,"after_2020"
"496",2020-01-15,64.61,"after_2020"
"497",2020-01-16,64.55,"after_2020"
"498",2020-01-17,64.62,"after_2020"
"499",2020-01-20,64.61,"after_2020"
"500",2020-01-30,64.93,"after_2020"
"501",2020-01-31,63,"after_2020"
"502",2020-02-03,61.68,"after_2020"
"503",2020-02-04,59.69,"after_2020"
"504",2020-02-05,60.53,"after_2020"
"505",2020-02-06,61.88,"after_2020"
"506",2020-02-07,61.94,"after_2020"
"507",2020-02-10,62.08,"after_2020"
"508",2020-02-11,61.57,"after_2020"
"509",2020-02-12,61.89,"after_2020"
"510",2020-02-13,62.43,"after_2020"
"511",2020-02-14,62.1,"after_2020"
"512",2020-02-17,62.08,"after_2020"
"513",2020-02-18,62.08,"after_2020"
"514",2020-02-19,62.1,"after_2020"
"515",2020-02-20,63.12,"after_2020"
"516",2020-02-21,63.4,"after_2020"
"517",2020-02-24,63.86,"after_2020"
"518",2020-02-25,63.85,"after_2020"
"519",2020-02-26,63.57,"after_2020"
"520",2020-02-27,63.01,"after_2020"
"521",2020-03-02,62.05,"after_2020"
"522",2020-03-03,62.09,"after_2020"
"523",2020-03-04,62.92,"after_2020"
"524",2020-03-05,62.97,"after_2020"
"525",2020-03-06,63.83,"after_2020"
"526",2020-03-09,65.56,"after_2020"
"527",2020-03-10,64.56,"after_2020"
"528",2020-03-11,63.11,"after_2020"
"529",2020-03-12,62.71,"after_2020"
"530",2020-03-13,58.91,"after_2020"
"531",2020-03-16,54.89,"after_2020"
"532",2020-03-17,53.39,"after_2020"
"533",2020-03-18,50.95,"after_2020"
"534",2020-03-19,49.65,"after_2020"
"535",2020-03-20,45.25,"after_2020"
"536",2020-03-23,47.3,"after_2020"
"537",2020-03-24,46.5,"after_2020"
"538",2020-03-25,47.95,"after_2020"
"539",2020-03-26,49.46,"after_2020"
"540",2020-03-27,51.06,"after_2020"
"541",2020-03-30,51.53,"after_2020"
"542",2020-03-31,52.32,"after_2020"
"543",2020-04-01,52.66,"after_2020"
"544",2020-04-06,52.94,"after_2020"
"545",2020-04-07,54.14,"after_2020"
"546",2020-04-08,54.35,"after_2020"
"547",2020-04-09,55.68,"after_2020"
"548",2020-04-10,55.74,"after_2020"
"549",2020-04-13,55.91,"after_2020"
"550",2020-04-14,56.91,"after_2020"
"551",2020-04-15,57.45,"after_2020"
"552",2020-04-16,57.57,"after_2020"
"553",2020-04-17,57.23,"after_2020"
"554",2020-04-20,58.34,"after_2020"
"555",2020-04-21,56.19,"after_2020"
"556",2020-04-22,56.7,"after_2020"
"557",2020-04-23,57.62,"after_2020"
"558",2020-04-24,57.71,"after_2020"
"559",2020-04-27,59.4,"after_2020"
"560",2020-04-28,59.22,"after_2020"
"561",2020-04-29,59.67,"after_2020"
"562",2020-04-30,60.86,"after_2020"
"563",2020-05-04,62.2,"after_2020"
"564",2020-05-05,63.67,"after_2020"
"565",2020-05-06,64.59,"after_2020"
"566",2020-05-07,65.64,"after_2020"
"567",2020-05-08,63.13,"after_2020"
"568",2020-05-11,63.22,"after_2020"
"569",2020-05-12,63.28,"after_2020"
"570",2020-05-13,64.3,"after_2020"
"571",2020-05-14,62.69,"after_2020"
"572",2020-05-15,62.44,"after_2020"
"573",2020-05-18,64.67,"after_2020"
"574",2020-05-19,65.08,"after_2020"
"575",2020-05-20,65.82,"after_2020"
"576",2020-05-21,66.62,"after_2020"
"577",2020-05-22,66.91,"after_2020"
"578",2020-05-25,69.29,"after_2020"
"579",2020-05-26,69.26,"after_2020"
"580",2020-05-27,67.21,"after_2020"
"581",2020-05-28,65.69,"after_2020"
"582",2020-05-29,66.32,"after_2020"
"583",2020-06-01,66.1,"after_2020"
"584",2020-06-02,64.83,"after_2020"
"585",2020-06-03,66.25,"after_2020"
"586",2020-06-04,67.04,"after_2020"
"587",2020-06-05,67.52,"after_2020"
"588",2020-06-08,67.36,"after_2020"
"589",2020-06-09,68.76,"after_2020"
"590",2020-06-10,69.82,"after_2020"
"591",2020-06-11,67.43,"after_2020"
"592",2020-06-12,68.56,"after_2020"
"593",2020-06-15,70.5,"after_2020"
"594",2020-06-16,70.58,"after_2020"
"595",2020-06-17,73.02,"after_2020"
"596",2020-06-18,75.08,"after_2020"
"597",2020-06-19,74.07,"after_2020"
"598",2020-06-22,74.46,"after_2020"
"599",2020-06-23,74.5,"after_2020"
"600",2020-06-24,72.81,"after_2020"
"601",2020-06-29,74.14,"after_2020"
"602",2020-06-30,73.73,"after_2020"
"603",2020-07-01,74.45,"after_2020"
"604",2020-07-02,75.33,"after_2020"
"605",2020-07-03,74.99,"after_2020"
"606",2020-07-06,75.59,"after_2020"
"607",2020-07-07,74.49,"after_2020"
"608",2020-07-08,76.33,"after_2020"
"609",2020-07-09,77.75,"after_2020"
"610",2020-07-10,76.25,"after_2020"
"611",2020-07-13,75.31,"after_2020"
"612",2020-07-14,73.51,"after_2020"
"613",2020-07-15,72.64,"after_2020"
"614",2020-07-16,72.92,"after_2020"
"615",2020-07-17,69.81,"after_2020"
"616",2020-07-20,69.52,"after_2020"
"617",2020-07-21,69.98,"after_2020"
"618",2020-07-22,70.89,"after_2020"
"619",2020-07-23,70.64,"after_2020"
"620",2020-07-24,69.38,"after_2020"
"621",2020-07-27,66.75,"after_2020"
"622",2020-07-28,66.35,"after_2020"
"623",2020-07-29,67.55,"after_2020"
"624",2020-07-30,68.62,"after_2020"
"625",2020-07-31,68.77,"after_2020"
"626",2020-08-03,70.16,"after_2020"
"627",2020-08-04,70.2,"after_2020"
"628",2020-08-05,70.93,"after_2020"
"629",2020-08-06,70.21,"after_2020"
"630",2020-08-07,70.22,"after_2020"
"631",2020-08-10,69.13,"after_2020"
"632",2020-08-11,67.68,"after_2020"
"633",2020-08-12,68.09,"after_2020"
"634",2020-08-13,67.96,"after_2020"
"635",2020-08-14,68.71,"after_2020"
"636",2020-08-17,69.32,"after_2020"
"637",2020-08-18,70.4,"after_2020"
"638",2020-08-19,71,"after_2020"
"639",2020-08-20,68.07,"after_2020"
"640",2020-08-21,69.54,"after_2020"
"641",2020-08-24,70.24,"after_2020"
"642",2020-08-25,69.77,"after_2020"
"643",2020-08-26,70.84,"after_2020"
"644",2020-08-27,70.89,"after_2020"
"645",2020-08-28,71.61,"after_2020"
"646",2020-08-31,72.45,"after_2020"
"647",2020-09-01,72.21,"after_2020"
"648",2020-09-02,72.14,"after_2020"
"649",2020-09-03,71.82,"after_2020"
"650",2020-09-04,71.92,"after_2020"
"651",2020-09-07,71.72,"after_2020"
"652",2020-09-08,73.13,"after_2020"
"653",2020-09-09,72.12,"after_2020"
"654",2020-09-10,70.84,"after_2020"
"655",2020-09-11,69.47,"after_2020"
"656",2020-09-14,69.97,"after_2020"
"657",2020-09-15,71.21,"after_2020"
"658",2020-09-16,71.18,"after_2020"
"659",2020-09-17,71.06,"after_2020"
"660",2020-09-18,71.94,"after_2020"
"661",2020-09-21,71.68,"after_2020"
"662",2020-09-22,70.59,"after_2020"
"663",2020-09-23,69.92,"after_2020"
"664",2020-09-24,68.87,"after_2020"
"665",2020-09-25,66.65,"after_2020"
"666",2020-09-28,67.91,"after_2020"
"667",2020-09-29,67.41,"after_2020"
"668",2020-09-30,67.63,"after_2020"
"669",2020-10-05,69.12,"after_2020"
"670",2020-10-06,69.18,"after_2020"
"671",2020-10-07,69.08,"after_2020"
"672",2020-10-08,68.86,"after_2020"
"673",2020-10-12,67.7,"after_2020"
"674",2020-10-13,67.5,"after_2020"
"675",2020-10-14,67.6,"after_2020"
"676",2020-10-15,66.99,"after_2020"
"677",2020-10-16,66.6,"after_2020"
"678",2020-10-19,67.32,"after_2020"
"679",2020-10-20,67.55,"after_2020"
"680",2020-10-21,67.75,"after_2020"
"681",2020-10-22,67.59,"after_2020"
"682",2020-10-23,68.28,"after_2020"
"683",2020-10-26,67.2,"after_2020"
"684",2020-10-27,67.22,"after_2020"
"685",2020-10-28,66.4,"after_2020"
"686",2020-10-29,66.36,"after_2020"
"687",2020-10-30,65.39,"after_2020"
"688",2020-11-02,65.71,"after_2020"
"689",2020-11-03,66.38,"after_2020"
"690",2020-11-04,66.85,"after_2020"
"691",2020-11-05,67.25,"after_2020"
"692",2020-11-06,67.16,"after_2020"
"693",2020-11-09,68.13,"after_2020"
"694",2020-11-10,67.81,"after_2020"
"695",2020-11-11,68.07,"after_2020"
"696",2020-11-12,67.53,"after_2020"
"697",2020-11-13,67.89,"after_2020"
"698",2020-11-16,68.07,"after_2020"
"699",2020-11-17,67.77,"after_2020"
"700",2020-11-18,68.59,"after_2020"
"701",2020-11-19,69.02,"after_2020"
"702",2020-11-20,68.58,"after_2020"
"703",2020-11-23,68.67,"after_2020"
"704",2020-11-24,68.29,"after_2020"
"705",2020-11-25,68.28,"after_2020"
"706",2020-11-26,68.28,"after_2020"
"707",2020-11-27,69,"after_2020"
"708",2020-11-30,69.64,"after_2020"
"709",2020-12-01,69,"after_2020"
"710",2020-12-02,68.76,"after_2020"
"711",2020-12-03,69.02,"after_2020"
"712",2020-12-04,68.37,"after_2020"
"713",2020-12-07,67.41,"after_2020"
"714",2020-12-08,67.94,"after_2020"
"715",2020-12-09,67.94,"after_2020"
"716",2020-12-10,67.93,"after_2020"
"717",2020-12-11,66.89,"after_2020"
"718",2020-12-14,67.29,"after_2020"
"719",2020-12-15,66.49,"after_2020"
"720",2020-12-16,67.74,"after_2020"
"721",2020-12-17,67.66,"after_2020"
"722",2020-12-18,67.68,"after_2020"
"723",2020-12-21,67.77,"after_2020"
"724",2020-12-22,67.75,"after_2020"
"725",2020-12-23,67.55,"after_2020"
"726",2020-12-24,67.12,"after_2020"
"727",2020-12-25,66.81,"after_2020"
"728",2020-12-28,66.68,"after_2020"
"729",2020-12-29,66.36,"after_2020"
"730",2020-12-30,67.05,"after_2020"
"731",2020-12-31,67.01,"after_2020"
"732",2021-01-04,66.61,"after_2020"
"733",2021-01-05,66.58,"after_2020"
"734",2021-01-06,65.86,"after_2020"
"735",2021-01-07,66.67,"after_2020"
"736",2021-01-08,66.2,"after_2020"
"737",2021-01-11,65.82,"after_2020"
"738",2021-01-12,65.88,"after_2020"
"739",2021-01-13,65.45,"after_2020"
"740",2021-01-14,65.07,"after_2020"
"741",2021-01-15,63.22,"after_2020"
"742",2021-01-18,63.33,"after_2020"
"743",2021-01-19,63.31,"after_2020"
"744",2021-01-20,62.27,"after_2020"
"745",2021-01-21,62.02,"after_2020"
"746",2021-01-22,61.9,"after_2020"
"747",2021-01-25,62.98,"after_2020"
"748",2021-01-26,62.39,"after_2020"
"749",2021-01-27,62.57,"after_2020"
"750",2021-01-28,61.72,"after_2020"
"751",2021-01-29,60.66,"after_2020"
"752",2021-02-01,61.44,"after_2020"
"753",2021-02-02,61.83,"after_2020"
"754",2021-02-03,61.96,"after_2020"
"755",2021-02-04,62.46,"after_2020"
"756",2021-02-05,62.95,"after_2020"
"757",2021-02-17,63.18,"after_2020"
"758",2021-02-18,64.85,"after_2020"
"759",2021-02-19,66.27,"after_2020"
"760",2021-02-22,68.45,"after_2020"
"761",2021-02-23,67.66,"after_2020"
"762",2021-02-24,67.89,"after_2020"
"763",2021-02-25,68.3,"after_2020"
"764",2021-02-26,67.87,"after_2020"
"765",2021-03-02,67.19,"after_2020"
"766",2021-03-03,67.8,"after_2020"
"767",2021-03-04,66.81,"after_2020"
"768",2021-03-05,68.09,"after_2020"
"769",2021-03-08,68.15,"after_2020"
"770",2021-03-09,68.54,"after_2020"
"771",2021-03-10,68.24,"after_2020"
"772",2021-03-11,69.21,"after_2020"
"773",2021-03-12,68.84,"after_2020"
"774",2021-03-15,69.41,"after_2020"
"775",2021-03-16,69.61,"after_2020"
"776",2021-03-17,70.44,"after_2020"
"777",2021-03-18,70.95,"after_2020"
"778",2021-03-19,70.55,"after_2020"
"779",2021-03-22,70.56,"after_2020"
"780",2021-03-23,71.64,"after_2020"
"781",2021-03-24,73.15,"after_2020"
"782",2021-03-25,72.18,"after_2020"
"783",2021-03-26,72.89,"after_2020"
"784",2021-03-29,73.3,"after_2020"
"785",2021-03-30,73.25,"after_2020"
"786",2021-03-31,72.89,"after_2020"
"787",2021-04-01,72.98,"after_2020"
"788",2021-04-06,72.48,"after_2020"
"789",2021-04-07,72.84,"after_2020"
"790",2021-04-08,72.58,"after_2020"
"791",2021-04-09,72.71,"after_2020"
"792",2021-04-12,73.34,"after_2020"
"793",2021-04-13,71.56,"after_2020"
"794",2021-04-14,70.35,"after_2020"
"795",2021-04-15,71.18,"after_2020"
"796",2021-04-16,71.4,"after_2020"
"797",2021-04-19,71.43,"after_2020"
"798",2021-04-20,72.15,"after_2020"
"799",2021-04-21,71.86,"after_2020"
"800",2021-04-22,70.46,"after_2020"
"801",2021-04-23,70.59,"after_2020"
"802",2021-04-26,71.56,"after_2020"
"803",2021-04-27,72.17,"after_2020"
"804",2021-04-28,71.6,"after_2020"
"805",2021-04-29,71.73,"after_2020"
"806",2021-05-03,71.47,"after_2020"
"807",2021-05-04,68.58,"after_2020"
"808",2021-05-05,68.81,"after_2020"
"809",2021-05-06,68.4,"after_2020"
"810",2021-05-07,69.88,"after_2020"
"811",2021-05-10,70.01,"after_2020"
"812",2021-05-11,68.26,"after_2020"
"813",2021-05-12,67.37,"after_2020"
"814",2021-05-13,68.25,"after_2020"
"815",2021-05-14,68.1,"after_2020"
"816",2021-05-17,67.31,"after_2020"
"817",2021-05-18,69.02,"after_2020"
"818",2021-05-19,68.81,"after_2020"
"819",2021-05-20,68.69,"after_2020"
"820",2021-05-21,70.18,"after_2020"
"821",2021-05-24,70.45,"after_2020"
"822",2021-05-25,70.02,"after_2020"
"823",2021-05-26,71.16,"after_2020"
"824",2021-05-27,72.41,"after_2020"
"825",2021-05-28,72.54,"after_2020"
"826",2021-05-31,71.44,"after_2020"
"827",2021-06-01,71.9,"after_2020"
"828",2021-06-02,72.01,"after_2020"
"829",2021-06-03,71.77,"after_2020"
"830",2021-06-04,70.98,"after_2020"
"831",2021-06-07,72.12,"after_2020"
"832",2021-06-08,72.78,"after_2020"
"833",2021-06-09,73.28,"after_2020"
"834",2021-06-10,74.05,"after_2020"
"835",2021-06-11,73.46,"after_2020"
"836",2021-06-15,73.45,"after_2020"
"837",2021-06-16,73.08,"after_2020"
"838",2021-06-17,73.25,"after_2020"
"839",2021-06-18,73.57,"after_2020"
"840",2021-06-21,72.51,"after_2020"
"841",2021-06-22,72.82,"after_2020"
"842",2021-06-23,73.7,"after_2020"
"843",2021-06-24,74.14,"after_2020"
"844",2021-06-25,73.32,"after_2020"
"845",2021-06-28,73.76,"after_2020"
"846",2021-06-29,72.98,"after_2020"
"847",2021-06-30,73.25,"after_2020"
"848",2021-07-01,72.54,"after_2020"
"849",2021-07-02,72.55,"after_2020"
"850",2021-07-05,72.95,"after_2020"
"851",2021-07-06,72.14,"after_2020"
"852",2021-07-07,71.96,"after_2020"
"853",2021-07-08,71.66,"after_2020"
"854",2021-07-09,71.91,"after_2020"
"855",2021-07-12,72.07,"after_2020"
"856",2021-07-13,70.98,"after_2020"
"857",2021-07-14,71.05,"after_2020"
"858",2021-07-15,71.52,"after_2020"
"859",2021-07-16,72.25,"after_2020"
"860",2021-07-19,73.54,"after_2020"
"861",2021-07-20,73.74,"after_2020"
"862",2021-07-21,73.1,"after_2020"
"863",2021-07-22,72.78,"after_2020"
"864",2021-07-23,72.44,"after_2020"
"865",2021-07-26,72.26,"after_2020"
"866",2021-07-27,70.75,"after_2020"
"867",2021-07-28,69.83,"after_2020"
"868",2021-07-29,70.84,"after_2020"
"869",2021-07-30,70.37,"after_2020"
"870",2021-08-02,70.87,"after_2020"
"871",2021-08-03,70.29,"after_2020"
"872",2021-08-04,71.38,"after_2020"
"873",2021-08-05,71.55,"after_2020"
"874",2021-08-06,71.08,"after_2020"
"875",2021-08-09,70.49,"after_2020"
"876",2021-08-10,69.8,"after_2020"
"877",2021-08-11,68.6,"after_2020"
"878",2021-08-12,68.81,"after_2020"
"879",2021-08-13,68,"after_2020"
"880",2021-08-16,66.88,"after_2020"
"881",2021-08-17,65.96,"after_2020"
"882",2021-08-18,66.88,"after_2020"
"883",2021-08-19,65.28,"after_2020"
"884",2021-08-20,65.35,"after_2020"
"885",2021-08-23,67.1,"after_2020"
"886",2021-08-24,66.77,"after_2020"
"887",2021-08-25,67.43,"after_2020"
"888",2021-08-26,67.29,"after_2020"
"889",2021-08-27,67.79,"after_2020"
"890",2021-08-30,68.73,"after_2020"
"891",2021-08-31,69.35,"after_2020"
"892",2021-09-01,68.91,"after_2020"
"893",2021-09-02,68.14,"after_2020"
"894",2021-09-03,68.06,"after_2020"
"895",2021-09-06,67.66,"after_2020"
"896",2021-09-07,68.31,"after_2020"
"897",2021-09-08,66.99,"after_2020"
"898",2021-09-09,67.02,"after_2020"
"899",2021-09-10,67.26,"after_2020"
"900",2021-09-13,68.3,"after_2020"
"901",2021-09-14,67.96,"after_2020"
"902",2021-09-15,67.85,"after_2020"
"903",2021-09-16,67.22,"after_2020"
"904",2021-09-17,67.64,"after_2020"
"905",2021-09-22,66.06,"after_2020"
"906",2021-09-23,66.74,"after_2020"
"907",2021-09-24,67.51,"after_2020"
"908",2021-09-27,67.68,"after_2020"
"909",2021-09-28,67.7,"after_2020"
"910",2021-09-29,66.38,"after_2020"
"911",2021-09-30,67.54,"after_2020"
"912",2021-10-01,66.12,"after_2020"
"913",2021-10-04,64.74,"after_2020"
"914",2021-10-05,64.95,"after_2020"
"915",2021-10-06,64.37,"after_2020"
"916",2021-10-07,65.42,"after_2020"
"917",2021-10-08,65.58,"after_2020"
"918",2021-10-12,64.61,"after_2020"
"919",2021-10-13,63.61,"after_2020"
"920",2021-10-14,64.52,"after_2020"
"921",2021-10-15,65.17,"after_2020"
"922",2021-10-18,65.23,"after_2020"
"923",2021-10-19,65.91,"after_2020"
"924",2021-10-20,65.72,"after_2020"
"925",2021-10-21,65.75,"after_2020"
"926",2021-10-22,65.55,"after_2020"
"927",2021-10-25,64.87,"after_2020"
"928",2021-10-26,64.76,"after_2020"
"929",2021-10-27,64.91,"after_2020"
"930",2021-10-28,65.4,"after_2020"
"931",2021-10-29,66.04,"after_2020"
"932",2021-11-01,66.08,"after_2020"
"933",2021-11-02,65.93,"after_2020"
"934",2021-11-03,65.66,"after_2020"
"935",2021-11-04,65.49,"after_2020"
"936",2021-11-05,65.66,"after_2020"
"937",2021-11-08,65.81,"after_2020"
"938",2021-11-09,65.75,"after_2020"
"939",2021-11-10,65.38,"after_2020"
"940",2021-11-11,65.21,"after_2020"
"941",2021-11-12,65.01,"after_2020"
"942",2021-11-15,65.88,"after_2020"
"943",2021-11-16,65.54,"after_2020"
"944",2021-11-17,66.01,"after_2020"
"945",2021-11-18,66.63,"after_2020"
"946",2021-11-19,66.53,"after_2020"
"947",2021-11-22,66.44,"after_2020"
"948",2021-11-23,66.29,"after_2020"
"949",2021-11-24,66.77,"after_2020"
"950",2021-11-25,66.38,"after_2020"
"951",2021-11-26,65.99,"after_2020"
"952",2021-11-29,65.92,"after_2020"
"953",2021-11-30,66.04,"after_2020"
"954",2021-12-01,65.94,"after_2020"
"955",2021-12-02,65.23,"after_2020"
"956",2021-12-03,65.77,"after_2020"
"957",2021-12-06,65.42,"after_2020"
"958",2021-12-07,64.95,"after_2020"
"959",2021-12-08,65.2,"after_2020"
"960",2021-12-09,65.65,"after_2020"
"961",2021-12-10,66.17,"after_2020"
"962",2021-12-13,66.81,"after_2020"
"963",2021-12-14,65.99,"after_2020"
"964",2021-12-15,66.15,"after_2020"
"965",2021-12-16,66.02,"after_2020"
"966",2021-12-17,65.43,"after_2020"
"967",2021-12-20,65.26,"after_2020"
"968",2021-12-21,65.72,"after_2020"
"969",2021-12-22,65.87,"after_2020"
"970",2021-12-23,65.48,"after_2020"
"971",2021-12-24,65.21,"after_2020"
"972",2021-12-27,65,"after_2020"
"973",2021-12-28,65.07,"after_2020"
"974",2021-12-29,65.31,"after_2020"
"975",2021-12-30,65.54,"after_2020"
"976",2022-01-03,65.27,"after_2020"
"977",2022-01-04,65.53,"after_2020"
"978",2022-01-05,65.26,"after_2020"
"979",2022-01-06,65.73,"after_2020"
"980",2022-01-07,65.48,"after_2020"
"981",2022-01-10,66.06,"after_2020"
"982",2022-01-11,65.12,"after_2020"
"983",2022-01-12,65.17,"after_2020"
"984",2022-01-13,65.16,"after_2020"
"985",2022-01-14,64.55,"after_2020"
"986",2022-01-17,64.65,"after_2020"
"987",2022-01-18,64.36,"after_2020"
"988",2022-01-19,63.9,"after_2020"
"989",2022-01-20,63.63,"after_2020"
"990",2022-01-21,62.83,"after_2020"
"991",2022-01-24,62.44,"after_2020"
"992",2022-01-25,61.34,"after_2020"
"993",2022-01-26,61.54,"after_2020"
"994",2022-02-07,62.36,"after_2020"
"995",2022-02-08,63.59,"after_2020"
"996",2022-02-09,64.3,"after_2020"
"997",2022-02-10,64.37,"after_2020"
"998",2022-02-11,63.86,"after_2020"
"999",2022-02-14,63.57,"after_2020"
"1000",2022-02-15,63.26,"after_2020"
"1001",2022-02-16,64.15,"after_2020"
"1002",2022-02-17,64.33,"after_2020"
"1003",2022-02-18,64.89,"after_2020"
"1004",2022-02-21,65.53,"after_2020"
"1005",2022-02-22,64.57,"after_2020"
"1006",2022-02-23,65.2,"after_2020"
"1007",2022-02-24,64.06,"after_2020"
"1008",2022-02-25,65.01,"after_2020"
"1009",2022-03-01,65.62,"after_2020"
"1010",2022-03-02,66.1,"after_2020"
"1011",2022-03-03,66.07,"after_2020"
"1012",2022-03-04,65.43,"after_2020"
"1013",2022-03-07,63.35,"after_2020"
"1014",2022-03-08,62.33,"after_2020"
"1015",2022-03-09,63.03,"after_2020"
"1016",2022-03-10,64.11,"after_2020"
"1017",2022-03-11,63.52,"after_2020"
"1018",2022-03-14,63.5,"after_2020"
"1019",2022-03-15,62.3,"after_2020"
"1020",2022-03-16,62.13,"after_2020"
"1021",2022-03-17,64.09,"after_2020"
"1022",2022-03-18,65.01,"after_2020"
"1023",2022-03-21,65.54,"after_2020"
"1024",2022-03-22,65.78,"after_2020"
"1025",2022-03-23,65.76,"after_2020"
"1026",2022-03-24,66.26,"after_2020"
"1027",2022-03-25,65.85,"after_2020"
"1028",2022-03-28,65.9,"after_2020"
"1029",2022-03-29,66.67,"after_2020"
"1030",2022-03-30,67.12,"after_2020"
"1031",2022-03-31,67.14,"after_2020"
"1032",2022-04-01,66.73,"after_2020"
"1033",2022-04-06,67.25,"after_2020"
"1034",2022-04-07,66.81,"after_2020"
"1035",2022-04-08,67.41,"after_2020"
"1036",2022-04-11,67.38,"after_2020"
"1037",2022-04-12,66.68,"after_2020"
"1038",2022-04-13,67.36,"after_2020"
"1039",2022-04-14,68.78,"after_2020"
"1040",2022-04-15,68.29,"after_2020"
"1041",2022-04-18,69.82,"after_2020"
"1042",2022-04-19,69.58,"after_2020"
"1043",2022-04-20,70.1,"after_2020"
"1044",2022-04-21,71.2,"after_2020"
"1045",2022-04-22,70.67,"after_2020"
"1046",2022-04-25,67.56,"after_2020"
"1047",2022-04-26,66.46,"after_2020"
"1048",2022-04-27,66.56,"after_2020"
"1049",2022-04-28,66.8,"after_2020"
"1050",2022-04-29,66.63,"after_2020"
"1051",2022-05-03,66.63,"after_2020"
"1052",2022-05-04,65.74,"after_2020"
"1053",2022-05-05,66.12,"after_2020"
"1054",2022-05-06,65.56,"after_2020"
"1055",2022-05-09,64.32,"after_2020"
"1056",2022-05-10,63.45,"after_2020"
"1057",2022-05-11,63.08,"after_2020"
"1058",2022-05-12,60.77,"after_2020"
"1059",2022-05-13,62.16,"after_2020"
"1060",2022-05-16,62.32,"after_2020"
"1061",2022-05-17,62.56,"after_2020"
"1062",2022-05-18,63.58,"after_2020"
"1063",2022-05-19,62.86,"after_2020"
"1064",2022-05-20,62.97,"after_2020"
"1065",2022-05-23,63.21,"after_2020"
