"","county","date","cases"
"1","台北市",2017-01-01,1
"2","新北市",2017-01-22,1
"3","新北市",2020-01-22,2
"4","彰化縣",2020-01-26,1
"5","南投縣",2020-01-27,1
"6","彰化縣",2020-01-27,2
"7","台中市",2020-01-28,1
"8","新北市",2020-01-28,3
"9","新北市",2020-01-29,4
"10","新北市",2020-01-31,5
"11","台中市",2020-02-03,2
"12","新北市",2020-02-05,6
"13","彰化縣",2020-02-06,3
"14","新北市",2020-02-06,7
"15","彰化縣",2020-02-15,4
"16","桃園市",2020-02-18,2
"17","新北市",2020-02-19,8
"18","桃園市",2020-02-19,4
"19","新北市",2020-02-23,9
"20","桃園市",2020-02-23,5
"21","新北市",2020-02-24,10
"22","桃園市",2020-02-25,7
"23","台中市",2020-02-27,3
"24","新北市",2020-02-28,11
"25","桃園市",2020-03-02,8
"26","新北市",2020-03-03,12
"27","桃園市",2020-03-06,9
"28","台南市",2020-03-12,1
"29","桃園市",2020-03-12,10
"30","新北市",2020-03-15,13
"31","新北市",2020-03-16,14
"32","台中市",2020-03-17,4
"33","台北市",2020-03-17,4
"34","新北市",2020-03-17,16
"35","台北市",2020-03-18,5
"36","新竹市",2020-03-20,2
"37","台中市",2020-03-22,5
"38","台北市",2020-03-23,6
"39","新北市",2020-03-23,17
"40","桃園市",2020-03-23,11
"41","台北市",2020-03-24,7
"42","台北市",2020-03-25,8
"43","新北市",2020-03-25,18
"44","新竹市",2020-03-25,3
"45","基隆市",2020-03-26,1
"46","桃園市",2020-03-26,12
"47","桃園市",2020-03-30,13
"48","桃園市",2020-04-03,14
"49","台北市",2020-04-06,9
"50","新北市",2020-04-09,19
"51","桃園市",2020-12-14,15
"52","桃園市",2021-01-08,16
"53","桃園市",2021-01-09,17
"54","桃園市",2021-01-14,20
"55","桃園市",2021-01-16,22
"56","桃園市",2021-01-17,23
"57","桃園市",2021-01-18,25
"58","桃園市",2021-01-19,26
"59","桃園市",2021-01-20,27
"60","桃園市",2021-01-21,29
"61","桃園市",2021-01-22,30
"62","桃園市",2021-01-23,31
"63","桃園市",2021-01-28,32
"64","桃園市",2021-01-29,33
"65","桃園市",2021-01-30,34
"66","桃園市",2021-02-01,35
"67","桃園市",2021-02-07,36
"68","新北市",2021-04-01,20
"69","新北市",2021-04-17,21
"70","桃園市",2021-04-20,37
"71","桃園市",2021-04-22,38
"72","台北市",2021-04-23,10
"73","台北市",2021-04-26,11
"74","新北市",2021-04-26,22
"75","桃園市",2021-04-26,41
"76","台北市",2021-04-27,12
"77","新北市",2021-04-27,23
"78","新北市",2021-04-28,27
"79","台北市",2021-04-29,13
"80","新北市",2021-04-29,29
"81","桃園市",2021-04-29,43
"82","台北市",2021-04-30,15
"83","新北市",2021-04-30,31
"84","桃園市",2021-04-30,44
"85","台北市",2021-05-01,22
"86","基隆市",2021-05-01,2
"87","新北市",2021-05-01,35
"88","台北市",2021-05-02,25
"89","新北市",2021-05-02,38
"90","桃園市",2021-05-02,45
"91","台北市",2021-05-03,27
"92","基隆市",2021-05-03,3
"93","彰化縣",2021-05-03,5
"94","新北市",2021-05-03,43
"95","桃園市",2021-05-03,46
"96","台北市",2021-05-04,28
"97","台北市",2021-05-05,32
"98","新北市",2021-05-05,48
"99","台北市",2021-05-06,41
"100","新北市",2021-05-06,59
"101","台北市",2021-05-07,51
"102","基隆市",2021-05-07,4
"103","宜蘭縣",2021-05-07,1
"104","新北市",2021-05-07,72
"105","桃園市",2021-05-07,47
"106","台北市",2021-05-08,71
"107","宜蘭縣",2021-05-08,3
"108","新北市",2021-05-08,85
"109","桃園市",2021-05-08,49
"110","台北市",2021-05-09,80
"111","基隆市",2021-05-09,5
"112","宜蘭縣",2021-05-09,4
"113","新北市",2021-05-09,112
"114","桃園市",2021-05-09,51
"115","高雄市",2021-05-10,1
"116","台中市",2021-05-10,6
"117","台北市",2021-05-10,119
"118","宜蘭縣",2021-05-10,6
"119","彰化縣",2021-05-10,12
"120","新北市",2021-05-10,154
"121","桃園市",2021-05-10,56
"122","台北市",2021-05-11,156
"123","基隆市",2021-05-11,7
"124","宜蘭縣",2021-05-11,13
"125","彰化縣",2021-05-11,14
"126","新北市",2021-05-11,213
"127","桃園市",2021-05-11,63
"128","台中市",2021-05-12,7
"129","台北市",2021-05-12,213
"130","宜蘭縣",2021-05-12,14
"131","彰化縣",2021-05-12,19
"132","新北市",2021-05-12,279
"133","桃園市",2021-05-12,70
"134","雲林縣",2021-05-12,1
"135","高雄市",2021-05-13,3
"136","台中市",2021-05-13,9
"137","台北市",2021-05-13,302
"138","基隆市",2021-05-13,10
"139","宜蘭縣",2021-05-13,23
"140","屏東縣",2021-05-13,1
"141","彰化縣",2021-05-13,22
"142","新北市",2021-05-13,403
"143","新竹縣",2021-05-13,1
"144","桃園市",2021-05-13,74
"145","南投縣",2021-05-14,2
"146","高雄市",2021-05-14,5
"147","台中市",2021-05-14,10
"148","台北市",2021-05-14,460
"149","台南市",2021-05-14,4
"150","基隆市",2021-05-14,16
"151","宜蘭縣",2021-05-14,26
"152","彰化縣",2021-05-14,33
"153","新北市",2021-05-14,561
"154","新竹縣",2021-05-14,2
"155","桃園市",2021-05-14,90
"156","苗栗縣",2021-05-14,1
"157","南投縣",2021-05-15,3
"158","台中市",2021-05-15,16
"159","台北市",2021-05-15,704
"160","嘉義縣",2021-05-15,1
"161","基隆市",2021-05-15,20
"162","宜蘭縣",2021-05-15,27
"163","彰化縣",2021-05-15,40
"164","新北市",2021-05-15,807
"165","桃園市",2021-05-15,103
"166","苗栗縣",2021-05-15,2
"167","高雄市",2021-05-16,7
"168","台中市",2021-05-16,20
"169","台北市",2021-05-16,894
"170","基隆市",2021-05-16,24
"171","宜蘭縣",2021-05-16,29
"172","屏東縣",2021-05-16,3
"173","彰化縣",2021-05-16,50
"174","新北市",2021-05-16,1031
"175","新竹縣",2021-05-16,4
"176","桃園市",2021-05-16,121
"177","南投縣",2021-05-17,5
"178","高雄市",2021-05-17,12
"179","台中市",2021-05-17,25
"180","台北市",2021-05-17,1109
"181","台南市",2021-05-17,5
"182","基隆市",2021-05-17,31
"183","宜蘭縣",2021-05-17,32
"184","屏東縣",2021-05-17,4
"185","彰化縣",2021-05-17,76
"186","新北市",2021-05-17,1285
"187","新竹市",2021-05-17,5
"188","新竹縣",2021-05-17,5
"189","桃園市",2021-05-17,148
"190","花蓮縣",2021-05-17,1
"191","雲林縣",2021-05-17,3
"192","南投縣",2021-05-18,6
"193","高雄市",2021-05-18,17
"194","台中市",2021-05-18,30
"195","台北市",2021-05-18,1298
"196","台南市",2021-05-18,6
"197","台東縣",2021-05-18,1
"198","基隆市",2021-05-18,39
"199","宜蘭縣",2021-05-18,36
"200","屏東縣",2021-05-18,5
"201","彰化縣",2021-05-18,84
"202","新北市",2021-05-18,1505
"203","新竹市",2021-05-18,8
"204","桃園市",2021-05-18,163
"205","花蓮縣",2021-05-18,3
"206","台中市",2021-05-19,42
"207","台北市",2021-05-19,1424
"208","台東縣",2021-05-19,2
"209","基隆市",2021-05-19,46
"210","宜蘭縣",2021-05-19,38
"211","屏東縣",2021-05-19,6
"212","彰化縣",2021-05-19,91
"213","新北市",2021-05-19,1730
"214","新竹市",2021-05-19,10
"215","新竹縣",2021-05-19,6
"216","桃園市",2021-05-19,179
"217","花蓮縣",2021-05-19,6
"218","雲林縣",2021-05-19,4
"219","南投縣",2021-05-20,10
"220","高雄市",2021-05-20,21
"221","台中市",2021-05-20,54
"222","台北市",2021-05-20,1603
"223","嘉義市",2021-05-20,1
"224","嘉義縣",2021-05-20,2
"225","基隆市",2021-05-20,53
"226","宜蘭縣",2021-05-20,41
"227","屏東縣",2021-05-20,14
"228","彰化縣",2021-05-20,102
"229","新北市",2021-05-20,2001
"230","新竹市",2021-05-20,12
"231","新竹縣",2021-05-20,9
"232","桃園市",2021-05-20,206
"233","花蓮縣",2021-05-20,8
"234","苗栗縣",2021-05-20,3
"235","雲林縣",2021-05-20,6
"236","南投縣",2021-05-21,13
"237","高雄市",2021-05-21,25
"238","台中市",2021-05-21,61
"239","台北市",2021-05-21,1789
"240","台南市",2021-05-21,9
"241","嘉義市",2021-05-21,2
"242","基隆市",2021-05-21,61
"243","宜蘭縣",2021-05-21,44
"244","屏東縣",2021-05-21,15
"245","彰化縣",2021-05-21,116
"246","新北市",2021-05-21,2254
"247","新竹市",2021-05-21,13
"248","新竹縣",2021-05-21,10
"249","桃園市",2021-05-21,225
"250","花蓮縣",2021-05-21,11
"251","苗栗縣",2021-05-21,8
"252","南投縣",2021-05-22,16
"253","高雄市",2021-05-22,31
"254","台中市",2021-05-22,68
"255","台北市",2021-05-22,1935
"256","台南市",2021-05-22,13
"257","基隆市",2021-05-22,70
"258","宜蘭縣",2021-05-22,53
"259","屏東縣",2021-05-22,18
"260","彰化縣",2021-05-22,125
"261","新北市",2021-05-22,2467
"262","新竹縣",2021-05-22,11
"263","桃園市",2021-05-22,248
"264","澎湖縣",2021-05-22,1
"265","花蓮縣",2021-05-22,14
"266","雲林縣",2021-05-22,8
"267","南投縣",2021-05-23,17
"268","高雄市",2021-05-23,34
"269","台中市",2021-05-23,77
"270","台北市",2021-05-23,2065
"271","台南市",2021-05-23,15
"272","台東縣",2021-05-23,4
"273","嘉義市",2021-05-23,3
"274","嘉義縣",2021-05-23,3
"275","基隆市",2021-05-23,79
"276","宜蘭縣",2021-05-23,55
"277","屏東縣",2021-05-23,20
"278","彰化縣",2021-05-23,139
"279","新北市",2021-05-23,2668
"280","新竹市",2021-05-23,14
"281","新竹縣",2021-05-23,12
"282","桃園市",2021-05-23,264
"283","花蓮縣",2021-05-23,15
"284","苗栗縣",2021-05-23,10
"285","南投縣",2021-05-24,19
"286","高雄市",2021-05-24,36
"287","台中市",2021-05-24,96
"288","台北市",2021-05-24,2250
"289","台南市",2021-05-24,25
"290","台東縣",2021-05-24,6
"291","基隆市",2021-05-24,100
"292","宜蘭縣",2021-05-24,59
"293","屏東縣",2021-05-24,24
"294","彰化縣",2021-05-24,143
"295","新北市",2021-05-24,2954
"296","新竹市",2021-05-24,15
"297","新竹縣",2021-05-24,15
"298","桃園市",2021-05-24,290
"299","花蓮縣",2021-05-24,16
"300","苗栗縣",2021-05-24,13
"301","連江縣",2021-05-24,1
"302","雲林縣",2021-05-24,9
"303","南投縣",2021-05-25,20
"304","高雄市",2021-05-25,42
"305","台中市",2021-05-25,106
"306","台北市",2021-05-25,2457
"307","台南市",2021-05-25,26
"308","台東縣",2021-05-25,10
"309","嘉義市",2021-05-25,5
"310","嘉義縣",2021-05-25,4
"311","基隆市",2021-05-25,107
"312","宜蘭縣",2021-05-25,63
"313","屏東縣",2021-05-25,27
"314","彰化縣",2021-05-25,151
"315","新北市",2021-05-25,3219
"316","新竹市",2021-05-25,16
"317","新竹縣",2021-05-25,19
"318","桃園市",2021-05-25,314
"319","花蓮縣",2021-05-25,19
"320","苗栗縣",2021-05-25,16
"321","連江縣",2021-05-25,2
"322","雲林縣",2021-05-25,11
"323","南投縣",2021-05-26,22
"324","高雄市",2021-05-26,48
"325","台中市",2021-05-26,124
"326","台北市",2021-05-26,2634
"327","台南市",2021-05-26,28
"328","嘉義市",2021-05-26,8
"329","基隆市",2021-05-26,126
"330","宜蘭縣",2021-05-26,64
"331","彰化縣",2021-05-26,156
"332","新北市",2021-05-26,3435
"333","新竹市",2021-05-26,17
"334","新竹縣",2021-05-26,20
"335","桃園市",2021-05-26,336
"336","澎湖縣",2021-05-26,5
"337","花蓮縣",2021-05-26,31
"338","苗栗縣",2021-05-26,19
"339","連江縣",2021-05-26,3
"340","高雄市",2021-05-27,50
"341","台中市",2021-05-27,136
"342","台北市",2021-05-27,2765
"343","台南市",2021-05-27,30
"344","台東縣",2021-05-27,13
"345","基隆市",2021-05-27,141
"346","宜蘭縣",2021-05-27,69
"347","彰化縣",2021-05-27,163
"348","新北市",2021-05-27,3678
"349","新竹市",2021-05-27,18
"350","新竹縣",2021-05-27,23
"351","桃園市",2021-05-27,351
"352","花蓮縣",2021-05-27,33
"353","台中市",2021-05-28,147
"354","台北市",2021-05-28,2873
"355","台東縣",2021-05-28,16
"356","嘉義縣",2021-05-28,6
"357","基隆市",2021-05-28,150
"358","彰化縣",2021-05-28,172
"359","新北市",2021-05-28,3858
"360","新竹市",2021-05-28,19
"361","桃園市",2021-05-28,374
"362","苗栗縣",2021-05-28,30
"363","連江縣",2021-05-28,4
"364","南投縣",2021-05-29,23
"365","台中市",2021-05-29,155
"366","台北市",2021-05-29,2998
"367","嘉義縣",2021-05-29,9
"368","基隆市",2021-05-29,157
"369","宜蘭縣",2021-05-29,72
"370","彰化縣",2021-05-29,181
"371","新北市",2021-05-29,3986
"372","新竹市",2021-05-29,21
"373","新竹縣",2021-05-29,25
"374","桃園市",2021-05-29,386
"375","花蓮縣",2021-05-29,38
"376","苗栗縣",2021-05-29,34
"377","高雄市",2021-05-30,52
"378","台中市",2021-05-30,159
"379","台北市",2021-05-30,3106
"380","台南市",2021-05-30,31
"381","台東縣",2021-05-30,17
"382","嘉義縣",2021-05-30,12
"383","基隆市",2021-05-30,161
"384","宜蘭縣",2021-05-30,76
"385","彰化縣",2021-05-30,190
"386","新北市",2021-05-30,4108
"387","新竹市",2021-05-30,22
"388","新竹縣",2021-05-30,27
"389","桃園市",2021-05-30,402
"390","花蓮縣",2021-05-30,40
"391","苗栗縣",2021-05-30,38
"392","台中市",2021-05-31,162
"393","台北市",2021-05-31,3224
"394","台南市",2021-05-31,33
"395","台東縣",2021-05-31,21
"396","基隆市",2021-05-31,167
"397","宜蘭縣",2021-05-31,78
"398","彰化縣",2021-05-31,201
"399","新北市",2021-05-31,4295
"400","新竹市",2021-05-31,24
"401","桃園市",2021-05-31,425
"402","苗栗縣",2021-05-31,56
"403","南投縣",2021-06-01,24
"404","高雄市",2021-06-01,56
"405","台中市",2021-06-01,167
"406","台北市",2021-06-01,3339
"407","台南市",2021-06-01,35
"408","基隆市",2021-06-01,171
"409","屏東縣",2021-06-01,30
"410","彰化縣",2021-06-01,209
"411","新北市",2021-06-01,4462
"412","桃園市",2021-06-01,451
"413","花蓮縣",2021-06-01,41
"414","苗栗縣",2021-06-01,95
"415","雲林縣",2021-06-01,12
"416","南投縣",2021-06-02,25
"417","台中市",2021-06-02,169
"418","台北市",2021-06-02,3422
"419","台東縣",2021-06-02,22
"420","基隆市",2021-06-02,176
"421","彰化縣",2021-06-02,213
"422","新北市",2021-06-02,4647
"423","新竹市",2021-06-02,25
"424","新竹縣",2021-06-02,29
"425","桃園市",2021-06-02,464
"426","花蓮縣",2021-06-02,42
"427","苗栗縣",2021-06-02,173
"428","雲林縣",2021-06-02,13
"429","南投縣",2021-06-03,26
"430","高雄市",2021-06-03,62
"431","台中市",2021-06-03,173
"432","台北市",2021-06-03,3525
"433","嘉義縣",2021-06-03,16
"434","基隆市",2021-06-03,185
"435","宜蘭縣",2021-06-03,80
"436","屏東縣",2021-06-03,32
"437","彰化縣",2021-06-03,221
"438","新北市",2021-06-03,4834
"439","新竹市",2021-06-03,26
"440","新竹縣",2021-06-03,30
"441","桃園市",2021-06-03,476
"442","苗栗縣",2021-06-03,229
"443","雲林縣",2021-06-03,14
"444","台中市",2021-06-04,175
"445","台北市",2021-06-04,3601
"446","台南市",2021-06-04,37
"447","基隆市",2021-06-04,192
"448","宜蘭縣",2021-06-04,86
"449","彰化縣",2021-06-04,224
"450","新北市",2021-06-04,4942
"451","新竹市",2021-06-04,27
"452","新竹縣",2021-06-04,34
"453","桃園市",2021-06-04,492
"454","苗栗縣",2021-06-04,251
"455","雲林縣",2021-06-04,17
"456","南投縣",2021-06-05,27
"457","高雄市",2021-06-05,63
"458","台中市",2021-06-05,176
"459","台北市",2021-06-05,3663
"460","基隆市",2021-06-05,195
"461","宜蘭縣",2021-06-05,88
"462","屏東縣",2021-06-05,33
"463","彰化縣",2021-06-05,228
"464","新北市",2021-06-05,5032
"465","新竹市",2021-06-05,30
"466","新竹縣",2021-06-05,36
"467","桃園市",2021-06-05,504
"468","苗栗縣",2021-06-05,297
"469","雲林縣",2021-06-05,18
"470","台中市",2021-06-06,177
"471","台北市",2021-06-06,3706
"472","台南市",2021-06-06,39
"473","嘉義縣",2021-06-06,17
"474","基隆市",2021-06-06,199
"475","彰化縣",2021-06-06,233
"476","新北市",2021-06-06,5126
"477","桃園市",2021-06-06,518
"478","花蓮縣",2021-06-06,43
"479","苗栗縣",2021-06-06,323
"480","高雄市",2021-06-07,64
"481","台中市",2021-06-07,179
"482","台北市",2021-06-07,3765
"483","基隆市",2021-06-07,210
"484","宜蘭縣",2021-06-07,89
"485","彰化縣",2021-06-07,236
"486","新北市",2021-06-07,5266
"487","新竹市",2021-06-07,31
"488","新竹縣",2021-06-07,38
"489","桃園市",2021-06-07,529
"490","花蓮縣",2021-06-07,44
"491","苗栗縣",2021-06-07,341
"492","南投縣",2021-06-08,31
"493","高雄市",2021-06-08,65
"494","台北市",2021-06-08,3818
"495","嘉義市",2021-06-08,9
"496","基隆市",2021-06-08,219
"497","宜蘭縣",2021-06-08,91
"498","彰化縣",2021-06-08,243
"499","新北市",2021-06-08,5384
"500","新竹縣",2021-06-08,39
"501","桃園市",2021-06-08,548
"502","花蓮縣",2021-06-08,48
"503","苗栗縣",2021-06-08,374
"504","雲林縣",2021-06-08,19
"505","台中市",2021-06-09,180
"506","台北市",2021-06-09,3874
"507","基隆市",2021-06-09,229
"508","宜蘭縣",2021-06-09,92
"509","彰化縣",2021-06-09,245
"510","新北市",2021-06-09,5486
"511","新竹市",2021-06-09,32
"512","新竹縣",2021-06-09,49
"513","桃園市",2021-06-09,562
"514","花蓮縣",2021-06-09,49
"515","苗栗縣",2021-06-09,424
"516","雲林縣",2021-06-09,20
"517","高雄市",2021-06-10,66
"518","台中市",2021-06-10,181
"519","台北市",2021-06-10,3934
"520","台南市",2021-06-10,41
"521","基隆市",2021-06-10,239
"522","彰化縣",2021-06-10,247
"523","新北市",2021-06-10,5601
"524","新竹市",2021-06-10,34
"525","新竹縣",2021-06-10,50
"526","桃園市",2021-06-10,575
"527","花蓮縣",2021-06-10,52
"528","苗栗縣",2021-06-10,435
"529","高雄市",2021-06-11,67
"530","台中市",2021-06-11,182
"531","台北市",2021-06-11,3979
"532","基隆市",2021-06-11,255
"533","宜蘭縣",2021-06-11,93
"534","彰化縣",2021-06-11,250
"535","新北市",2021-06-11,5693
"536","新竹市",2021-06-11,35
"537","桃園市",2021-06-11,583
"538","花蓮縣",2021-06-11,53
"539","苗栗縣",2021-06-11,441
"540","台中市",2021-06-12,183
"541","台北市",2021-06-12,4027
"542","台南市",2021-06-12,42
"543","基隆市",2021-06-12,262
"544","彰化縣",2021-06-12,255
"545","新北市",2021-06-12,5783
"546","新竹縣",2021-06-12,55
"547","桃園市",2021-06-12,592
"548","花蓮縣",2021-06-12,57
"549","苗栗縣",2021-06-12,444
"550","台中市",2021-06-13,185
"551","台北市",2021-06-13,4052
"552","台南市",2021-06-13,45
"553","嘉義縣",2021-06-13,18
"554","基隆市",2021-06-13,271
"555","新北市",2021-06-13,5841
"556","新竹縣",2021-06-13,57
"557","桃園市",2021-06-13,607
"558","花蓮縣",2021-06-13,58
"559","苗栗縣",2021-06-13,457
"560","台中市",2021-06-14,186
"561","台北市",2021-06-14,4081
"562","基隆市",2021-06-14,274
"563","新北市",2021-06-14,5876
"564","新竹縣",2021-06-14,59
"565","桃園市",2021-06-14,611
"566","花蓮縣",2021-06-14,60
"567","苗栗縣",2021-06-14,471
"568","高雄市",2021-06-15,69
"569","台中市",2021-06-15,187
"570","台北市",2021-06-15,4134
"571","基隆市",2021-06-15,275
"572","屏東縣",2021-06-15,34
"573","新北市",2021-06-15,5974
"574","新竹縣",2021-06-15,70
"575","桃園市",2021-06-15,617
"576","花蓮縣",2021-06-15,67
"577","苗栗縣",2021-06-15,513
"578","台中市",2021-06-16,190
"579","台北市",2021-06-16,4206
"580","基隆市",2021-06-16,278
"581","屏東縣",2021-06-16,35
"582","新北市",2021-06-16,6054
"583","新竹縣",2021-06-16,71
"584","桃園市",2021-06-16,627
"585","花蓮縣",2021-06-16,68
"586","苗栗縣",2021-06-16,525
"587","高雄市",2021-06-17,71
"588","台中市",2021-06-17,191
"589","台北市",2021-06-17,4231
"590","基隆市",2021-06-17,281
"591","宜蘭縣",2021-06-17,94
"592","彰化縣",2021-06-17,256
"593","新北市",2021-06-17,6101
"594","新竹市",2021-06-17,37
"595","新竹縣",2021-06-17,75
"596","桃園市",2021-06-17,633
"597","苗栗縣",2021-06-17,527
"598","台中市",2021-06-18,192
"599","台北市",2021-06-18,4263
"600","基隆市",2021-06-18,284
"601","屏東縣",2021-06-18,36
"602","彰化縣",2021-06-18,257
"603","新北市",2021-06-18,6164
"604","新竹縣",2021-06-18,79
"605","桃園市",2021-06-18,644
"606","南投縣",2021-06-19,32
"607","高雄市",2021-06-19,73
"608","台中市",2021-06-19,197
"609","台北市",2021-06-19,4292
"610","基隆市",2021-06-19,288
"611","新北市",2021-06-19,6205
"612","新竹縣",2021-06-19,81
"613","桃園市",2021-06-19,654
"614","苗栗縣",2021-06-19,531
"615","雲林縣",2021-06-19,21
"616","高雄市",2021-06-20,76
"617","台北市",2021-06-20,4307
"618","基隆市",2021-06-20,290
"619","屏東縣",2021-06-20,37
"620","新北市",2021-06-20,6227
"621","桃園市",2021-06-20,657
"622","南投縣",2021-06-21,34
"623","高雄市",2021-06-21,77
"624","台北市",2021-06-21,4331
"625","台南市",2021-06-21,46
"626","基隆市",2021-06-21,297
"627","宜蘭縣",2021-06-21,95
"628","彰化縣",2021-06-21,258
"629","新北市",2021-06-21,6277
"630","新竹縣",2021-06-21,89
"631","桃園市",2021-06-21,659
"632","苗栗縣",2021-06-21,536
"633","南投縣",2021-06-22,35
"634","高雄市",2021-06-22,80
"635","台北市",2021-06-22,4357
"636","台南市",2021-06-22,47
"637","基隆市",2021-06-22,298
"638","屏東縣",2021-06-22,38
"639","新北市",2021-06-22,6328
"640","新竹縣",2021-06-22,94
"641","桃園市",2021-06-22,675
"642","苗栗縣",2021-06-22,538
"643","南投縣",2021-06-23,36
"644","高雄市",2021-06-23,82
"645","台北市",2021-06-23,4380
"646","台南市",2021-06-23,48
"647","宜蘭縣",2021-06-23,96
"648","屏東縣",2021-06-23,40
"649","彰化縣",2021-06-23,261
"650","新北市",2021-06-23,6359
"651","新竹縣",2021-06-23,95
"652","桃園市",2021-06-23,682
"653","苗栗縣",2021-06-23,542
"654","南投縣",2021-06-24,37
"655","高雄市",2021-06-24,83
"656","台中市",2021-06-24,198
"657","台北市",2021-06-24,4396
"658","基隆市",2021-06-24,300
"659","屏東縣",2021-06-24,43
"660","新北市",2021-06-24,6396
"661","新竹縣",2021-06-24,98
"662","桃園市",2021-06-24,684
"663","南投縣",2021-06-25,38
"664","高雄市",2021-06-25,85
"665","台北市",2021-06-25,4422
"666","基隆市",2021-06-25,302
"667","屏東縣",2021-06-25,44
"668","彰化縣",2021-06-25,264
"669","新北市",2021-06-25,6460
"670","新竹市",2021-06-25,38
"671","桃園市",2021-06-25,688
"672","苗栗縣",2021-06-25,543
"673","台北市",2021-06-26,4453
"674","台南市",2021-06-26,50
"675","基隆市",2021-06-26,303
"676","屏東縣",2021-06-26,45
"677","新北市",2021-06-26,6485
"678","新竹市",2021-06-26,39
"679","新竹縣",2021-06-26,100
"680","桃園市",2021-06-26,691
"681","台北市",2021-06-27,4472
"682","新北市",2021-06-27,6504
"683","新竹縣",2021-06-27,102
"684","桃園市",2021-06-27,696
"685","高雄市",2021-06-28,86
"686","台北市",2021-06-28,4498
"687","屏東縣",2021-06-28,46
"688","彰化縣",2021-06-28,265
"689","新北市",2021-06-28,6523
"690","桃園市",2021-06-28,697
"691","台中市",2021-06-29,199
"692","台北市",2021-06-29,4516
"693","新北市",2021-06-29,6539
"694","桃園市",2021-06-29,704
"695","苗栗縣",2021-06-29,545
"696","台北市",2021-06-30,4539
"697","基隆市",2021-06-30,304
"698","新北市",2021-06-30,6556
"699","新竹市",2021-06-30,41
"700","新竹縣",2021-06-30,107
"701","桃園市",2021-06-30,707
"702","台中市",2021-07-01,200
"703","台北市",2021-07-01,4578
"704","基隆市",2021-07-01,306
"705","新北市",2021-07-01,6576
"706","桃園市",2021-07-01,714
"707","台北市",2021-07-02,4600
"708","基隆市",2021-07-02,307
"709","新北市",2021-07-02,6591
"710","台北市",2021-07-03,4614
"711","屏東縣",2021-07-03,47
"712","彰化縣",2021-07-03,268
"713","新北市",2021-07-03,6598
"714","桃園市",2021-07-03,715
"715","苗栗縣",2021-07-03,547
"716","台北市",2021-07-04,4621
"717","新北市",2021-07-04,6602
"718","新竹縣",2021-07-04,108
"719","桃園市",2021-07-04,718
"720","台北市",2021-07-05,4639
"721","宜蘭縣",2021-07-05,97
"722","屏東縣",2021-07-05,48
"723","新北市",2021-07-05,6616
"724","桃園市",2021-07-05,722
"725","台北市",2021-07-06,4651
"726","新北市",2021-07-06,6624
"727","桃園市",2021-07-06,730
"728","台北市",2021-07-07,4665
"729","新北市",2021-07-07,6639
"730","台中市",2021-07-08,201
"731","台北市",2021-07-08,4675
"732","基隆市",2021-07-08,308
"733","彰化縣",2021-07-08,269
"734","新北市",2021-07-08,6646
"735","桃園市",2021-07-08,734
"736","台中市",2021-07-09,202
"737","台北市",2021-07-09,4687
"738","基隆市",2021-07-09,309
"739","新北市",2021-07-09,6658
"740","桃園市",2021-07-09,736
"741","台北市",2021-07-10,4694
"742","新北市",2021-07-10,6671
"743","新竹市",2021-07-10,42
"744","新竹縣",2021-07-10,109
"745","台中市",2021-07-11,203
"746","台北市",2021-07-11,4698
"747","新北市",2021-07-11,6681
"748","苗栗縣",2021-07-11,548
"749","台中市",2021-07-12,205
"750","台北市",2021-07-12,4703
"751","新北市",2021-07-12,6690
"752","桃園市",2021-07-12,739
"753","台北市",2021-07-13,4713
"754","彰化縣",2021-07-13,270
"755","桃園市",2021-07-13,744
"756","台北市",2021-07-14,4724
"757","新北市",2021-07-14,6700
"758","桃園市",2021-07-14,748
"759","台北市",2021-07-15,4731
"760","基隆市",2021-07-15,310
"761","新北市",2021-07-15,6708
"762","桃園市",2021-07-15,750
"763","台北市",2021-07-16,4739
"764","新北市",2021-07-16,6715
"765","桃園市",2021-07-16,751
"766","台北市",2021-07-17,4741
"767","新北市",2021-07-17,6720
"768","桃園市",2021-07-17,756
"769","台北市",2021-07-18,4744
"770","基隆市",2021-07-18,312
"771","新北市",2021-07-18,6721
"772","桃園市",2021-07-18,758
"773","台中市",2021-07-19,206
"774","台北市",2021-07-19,4753
"775","彰化縣",2021-07-19,271
"776","新北市",2021-07-19,6729
"777","新竹市",2021-07-19,43
"778","桃園市",2021-07-19,761
"779","苗栗縣",2021-07-19,549
"780","高雄市",2021-07-20,87
"781","台北市",2021-07-20,4761
"782","新北市",2021-07-20,6742
"783","桃園市",2021-07-20,764
"784","台北市",2021-07-21,4768
"785","宜蘭縣",2021-07-21,98
"786","新北市",2021-07-21,6750
"787","桃園市",2021-07-21,766
"788","台北市",2021-07-22,4776
"789","基隆市",2021-07-22,313
"790","新北市",2021-07-22,6758
"791","桃園市",2021-07-22,769
"792","台中市",2021-07-23,207
"793","台北市",2021-07-23,4781
"794","嘉義縣",2021-07-23,20
"795","彰化縣",2021-07-23,272
"796","新北市",2021-07-23,6763
"797","桃園市",2021-07-23,773
"798","高雄市",2021-07-24,88
"799","台北市",2021-07-24,4785
"800","新北市",2021-07-24,6768
"801","桃園市",2021-07-24,777
"802","台北市",2021-07-25,4789
"803","嘉義縣",2021-07-25,21
"804","新北市",2021-07-25,6774
"805","新竹縣",2021-07-25,110
"806","桃園市",2021-07-25,781
"807","台北市",2021-07-26,4794
"808","嘉義縣",2021-07-26,22
"809","新北市",2021-07-26,6778
"810","桃園市",2021-07-26,783
"811","高雄市",2021-07-27,89
"812","台北市",2021-07-27,4802
"813","嘉義縣",2021-07-27,26
"814","新北市",2021-07-27,6786
"815","桃園市",2021-07-27,784
"816","高雄市",2021-07-28,91
"817","台北市",2021-07-28,4809
"818","嘉義市",2021-07-28,10
"819","嘉義縣",2021-07-28,27
"820","新北市",2021-07-28,6790
"821","台北市",2021-07-29,4813
"822","嘉義縣",2021-07-29,29
"823","基隆市",2021-07-29,314
"824","新北市",2021-07-29,6795
"825","台北市",2021-07-30,4815
"826","嘉義縣",2021-07-30,30
"827","新北市",2021-07-30,6802
"828","桃園市",2021-07-30,785
"829","高雄市",2021-07-31,92
"830","台北市",2021-07-31,4816
"831","新北市",2021-07-31,6809
"832","桃園市",2021-07-31,789
"833","台北市",2021-08-01,4818
"834","嘉義縣",2021-08-01,31
"835","新北市",2021-08-01,6817
"836","桃園市",2021-08-01,790
"837","台北市",2021-08-02,4822
"838","嘉義縣",2021-08-02,32
"839","新北市",2021-08-02,6831
"840","台北市",2021-08-03,4826
"841","新北市",2021-08-03,6833
"842","桃園市",2021-08-03,791
"843","台北市",2021-08-04,4830
"844","彰化縣",2021-08-04,273
"845","新北市",2021-08-04,6838
"846","台北市",2021-08-05,4832
"847","新北市",2021-08-05,6839
"848","台北市",2021-08-06,4833
"849","新北市",2021-08-06,6840
"850","台北市",2021-08-07,4834
"851","新北市",2021-08-07,6841
"852","桃園市",2021-08-07,792
"853","高雄市",2021-08-08,93
"854","台北市",2021-08-08,4835
"855","新北市",2021-08-08,6843
"856","台北市",2021-08-09,4837
"857","基隆市",2021-08-09,315
"858","新北市",2021-08-09,6844
"859","台北市",2021-08-10,4841
"860","基隆市",2021-08-10,316
"861","新北市",2021-08-10,6848
"862","新北市",2021-08-11,6852
"863","高雄市",2021-08-12,95
"864","台北市",2021-08-12,4842
"865","台北市",2021-08-13,4844
"866","新北市",2021-08-13,6854
"867","台北市",2021-08-14,4845
"868","新北市",2021-08-14,6856
"869","桃園市",2021-08-14,793
"870","台北市",2021-08-15,4846
"871","新北市",2021-08-15,6859
"872","台北市",2021-08-16,4850
"873","新北市",2021-08-16,6864
"874","台北市",2021-08-18,4852
"875","新北市",2021-08-18,6867
"876","台北市",2021-08-19,4853
"877","彰化縣",2021-08-19,274
"878","新北市",2021-08-19,6869
"879","台北市",2021-08-20,4854
"880","新北市",2021-08-20,6870
"881","台北市",2021-08-21,4855
"882","桃園市",2021-08-21,794
"883","雲林縣",2021-08-21,22
"884","新北市",2021-08-22,6873
"885","新北市",2021-08-24,6874
"886","台北市",2021-08-25,4856
"887","新北市",2021-08-25,6877
"888","新北市",2021-08-26,6878
"889","新北市",2021-08-27,6891
"890","台北市",2021-08-28,4857
"891","新北市",2021-08-28,6894
"892","新北市",2021-08-29,6896
"893","台北市",2021-08-30,4858
"894","新北市",2021-08-30,6898
"895","桃園市",2021-08-30,795
"896","台北市",2021-08-31,4860
"897","台北市",2021-09-01,4861
"898","新北市",2021-09-01,6900
"899","新北市",2021-09-02,6901
"900","新北市",2021-09-04,6903
"901","新北市",2021-09-05,6906
"902","台北市",2021-09-06,4862
"903","新北市",2021-09-06,6912
"904","新北市",2021-09-07,6917
"905","桃園市",2021-09-07,796
"906","台北市",2021-09-08,4863
"907","新北市",2021-09-08,6918
"908","台北市",2021-09-09,4864
"909","新北市",2021-09-11,6920
"910","桃園市",2021-09-11,797
"911","新北市",2021-09-12,6921
"912","桃園市",2021-09-12,798
"913","新北市",2021-09-13,6923
"914","台北市",2021-09-15,4866
"915","新北市",2021-09-15,6924
"916","台北市",2021-09-18,4867
"917","台北市",2021-09-19,4868
"918","新北市",2021-09-20,6925
"919","新北市",2021-09-22,6926
"920","台北市",2021-09-27,4869
"921","新北市",2021-09-27,6927
"922","台北市",2021-10-05,4870
"923","新北市",2021-10-09,6928
"924","新北市",2021-10-15,6929
"925","新北市",2021-10-16,6930
"926","台北市",2021-10-19,4871
"927","基隆市",2021-10-20,317
"928","基隆市",2021-10-21,318
"929","台北市",2021-10-24,4872
"930","新北市",2021-10-24,6931
"931","新北市",2021-11-26,6932
"932","新北市",2021-12-06,6933
"933","桃園市",2021-12-09,799
"934","新北市",2021-12-12,6934
"935","桃園市",2021-12-12,800
"936","宜蘭縣",2021-12-13,99
"937","桃園市",2021-12-13,801
"938","桃園市",2021-12-14,802
"939","台北市",2021-12-15,4873
"940","台北市",2021-12-24,4874
"941","新北市",2021-12-25,6935
"942","新北市",2021-12-27,6937
"943","台北市",2021-12-28,4876
"944","基隆市",2021-12-30,319
"945","桃園市",2021-12-30,805
"946","桃園市",2022-01-01,806
"947","台北市",2022-01-02,4877
"948","桃園市",2022-01-02,807
"949","台北市",2022-01-03,4879
"950","桃園市",2022-01-03,810
"951","桃園市",2022-01-04,814
"952","桃園市",2022-01-05,816
"953","桃園市",2022-01-06,821
"954","新北市",2022-01-07,6938
"955","桃園市",2022-01-07,824
"956","桃園市",2022-01-08,830
"957","台北市",2022-01-09,4880
"958","桃園市",2022-01-09,839
"959","台北市",2022-01-10,4881
"960","新北市",2022-01-10,6941
"961","桃園市",2022-01-10,854
"962","新北市",2022-01-11,6942
"963","新竹縣",2022-01-11,111
"964","桃園市",2022-01-11,857
"965","台北市",2022-01-12,4882
"966","新北市",2022-01-12,6943
"967","桃園市",2022-01-12,871
"968","新北市",2022-01-13,6944
"969","新竹市",2022-01-13,44
"970","桃園市",2022-01-13,877
"971","高雄市",2022-01-14,97
"972","台北市",2022-01-14,4883
"973","新竹市",2022-01-14,45
"974","桃園市",2022-01-14,886
"975","高雄市",2022-01-15,99
"976","新北市",2022-01-15,6947
"977","桃園市",2022-01-15,893
"978","高雄市",2022-01-16,101
"979","台北市",2022-01-16,4884
"980","新竹縣",2022-01-16,112
"981","桃園市",2022-01-16,903
"982","高雄市",2022-01-17,104
"983","基隆市",2022-01-17,320
"984","新北市",2022-01-17,6948
"985","桃園市",2022-01-17,912
"986","高雄市",2022-01-18,108
"987","台北市",2022-01-18,4886
"988","宜蘭縣",2022-01-18,100
"989","新北市",2022-01-18,6950
"990","新竹市",2022-01-18,48
"991","桃園市",2022-01-18,923
"992","高雄市",2022-01-19,115
"993","台北市",2022-01-19,4887
"994","桃園市",2022-01-19,938
"995","高雄市",2022-01-20,123
"996","台北市",2022-01-20,4888
"997","新北市",2022-01-20,6951
"998","桃園市",2022-01-20,953
"999","高雄市",2022-01-21,137
"1000","台北市",2022-01-21,4889
"1001","宜蘭縣",2022-01-21,102
"1002","桃園市",2022-01-21,1011
"1003","高雄市",2022-01-22,151
"1004","台北市",2022-01-22,4891
"1005","台南市",2022-01-22,51
"1006","宜蘭縣",2022-01-22,103
"1007","新竹市",2022-01-22,49
"1008","新竹縣",2022-01-22,115
"1009","桃園市",2022-01-22,1031
"1010","高雄市",2022-01-23,156
"1011","宜蘭縣",2022-01-23,104
"1012","桃園市",2022-01-23,1043
"1013","高雄市",2022-01-24,161
"1014","台南市",2022-01-24,52
"1015","新北市",2022-01-24,6952
"1016","桃園市",2022-01-24,1056
"1017","高雄市",2022-01-25,169
"1018","台中市",2022-01-25,208
"1019","台北市",2022-01-25,4894
"1020","台南市",2022-01-25,53
"1021","新北市",2022-01-25,6954
"1022","桃園市",2022-01-25,1066
"1023","高雄市",2022-01-26,174
"1024","台北市",2022-01-26,4895
"1025","台南市",2022-01-26,54
"1026","新北市",2022-01-26,6956
"1027","桃園市",2022-01-26,1082
"1028","高雄市",2022-01-27,178
"1029","台中市",2022-01-27,209
"1030","台北市",2022-01-27,4900
"1031","宜蘭縣",2022-01-27,105
"1032","桃園市",2022-01-27,1093
"1033","高雄市",2022-01-28,188
"1034","台北市",2022-01-28,4902
"1035","桃園市",2022-01-28,1097
"1036","高雄市",2022-01-29,195
"1037","屏東縣",2022-01-29,49
"1038","新北市",2022-01-29,6957
"1039","桃園市",2022-01-29,1110
"1040","高雄市",2022-01-30,203
"1041","台北市",2022-01-30,4904
"1042","新北市",2022-01-30,6958
"1043","桃園市",2022-01-30,1116
"1044","高雄市",2022-01-31,210
"1045","新北市",2022-01-31,6959
"1046","桃園市",2022-01-31,1121
"1047","高雄市",2022-02-01,216
"1048","台北市",2022-02-01,4905
"1049","新北市",2022-02-01,6960
"1050","桃園市",2022-02-01,1124
"1051","高雄市",2022-02-02,231
"1052","台北市",2022-02-02,4906
"1053","新北市",2022-02-02,6961
"1054","桃園市",2022-02-02,1138
"1055","高雄市",2022-02-03,243
"1056","新北市",2022-02-03,6964
"1057","桃園市",2022-02-03,1141
"1058","高雄市",2022-02-04,250
"1059","台北市",2022-02-04,4908
"1060","新北市",2022-02-04,6966
"1061","桃園市",2022-02-04,1155
"1062","高雄市",2022-02-05,254
"1063","新北市",2022-02-05,6970
"1064","桃園市",2022-02-05,1168
"1065","高雄市",2022-02-06,255
"1066","台北市",2022-02-06,4909
"1067","屏東縣",2022-02-06,50
"1068","彰化縣",2022-02-06,275
"1069","新北市",2022-02-06,6972
"1070","桃園市",2022-02-06,1175
"1071","苗栗縣",2022-02-06,550
"1072","高雄市",2022-02-07,258
"1073","台北市",2022-02-07,4912
"1074","屏東縣",2022-02-07,51
"1075","新北市",2022-02-07,6976
"1076","桃園市",2022-02-07,1177
"1077","高雄市",2022-02-08,263
"1078","台北市",2022-02-08,4913
"1079","新北市",2022-02-08,6983
"1080","桃園市",2022-02-08,1189
"1081","苗栗縣",2022-02-08,552
"1082","高雄市",2022-02-09,267
"1083","屏東縣",2022-02-09,52
"1084","新北市",2022-02-09,6986
"1085","桃園市",2022-02-09,1197
"1086","苗栗縣",2022-02-09,553
"1087","高雄市",2022-02-10,272
"1088","台北市",2022-02-10,4915
"1089","新北市",2022-02-10,6994
"1090","桃園市",2022-02-10,1201
"1091","苗栗縣",2022-02-10,554
"1092","高雄市",2022-02-11,274
"1093","台南市",2022-02-11,55
"1094","新北市",2022-02-11,6996
"1095","桃園市",2022-02-11,1202
"1096","高雄市",2022-02-12,275
"1097","新北市",2022-02-12,7003
"1098","新竹縣",2022-02-12,116
"1099","桃園市",2022-02-12,1203
"1100","苗栗縣",2022-02-12,557
"1101","高雄市",2022-02-13,278
"1102","桃園市",2022-02-13,1206
"1103","苗栗縣",2022-02-13,558
"1104","高雄市",2022-02-14,279
"1105","台北市",2022-02-14,4917
"1106","新北市",2022-02-14,7006
"1107","高雄市",2022-02-15,283
"1108","台北市",2022-02-15,4919
"1109","台南市",2022-02-15,57
"1110","新北市",2022-02-15,7009
"1111","桃園市",2022-02-15,1207
"1112","苗栗縣",2022-02-15,560
"1113","高雄市",2022-02-16,285
"1114","台北市",2022-02-16,4921
"1115","新北市",2022-02-16,7016
"1116","高雄市",2022-02-17,286
"1117","台北市",2022-02-17,4923
"1118","台南市",2022-02-17,61
"1119","宜蘭縣",2022-02-17,106
"1120","新北市",2022-02-17,7025
"1121","桃園市",2022-02-17,1209
"1122","台北市",2022-02-18,4928
"1123","新北市",2022-02-18,7029
"1124","桃園市",2022-02-18,1210
"1125","新北市",2022-02-19,7032
"1126","桃園市",2022-02-19,1211
"1127","苗栗縣",2022-02-19,563
"1128","高雄市",2022-02-20,288
"1129","新北市",2022-02-20,7034
"1130","桃園市",2022-02-20,1212
"1131","高雄市",2022-02-21,289
"1132","台北市",2022-02-21,4929
"1133","新北市",2022-02-21,7037
"1134","桃園市",2022-02-21,1213
"1135","新北市",2022-02-22,7041
"1136","桃園市",2022-02-22,1217
"1137","台北市",2022-02-23,4930
"1138","宜蘭縣",2022-02-23,107
"1139","新竹縣",2022-02-23,117
"1140","桃園市",2022-02-23,1218
"1141","高雄市",2022-02-24,290
"1142","台中市",2022-02-24,210
"1143","宜蘭縣",2022-02-24,108
"1144","新北市",2022-02-24,7043
"1145","新竹縣",2022-02-24,119
"1146","桃園市",2022-02-24,1220
"1147","新北市",2022-02-25,7044
"1148","桃園市",2022-02-25,1222
"1149","桃園市",2022-02-26,1226
"1150","台南市",2022-02-27,63
"1151","新北市",2022-02-27,7046
"1152","桃園市",2022-02-27,1227
"1153","台南市",2022-02-28,64
"1154","桃園市",2022-02-28,1234
"1155","高雄市",2022-03-01,291
"1156","台南市",2022-03-01,65
"1157","桃園市",2022-03-01,1236
"1158","彰化縣",2022-03-02,277
"1159","新北市",2022-03-02,7047
"1160","桃園市",2022-03-02,1239
"1161","高雄市",2022-03-03,292
"1162","桃園市",2022-03-03,1241
"1163","高雄市",2022-03-04,294
"1164","台南市",2022-03-04,66
"1165","桃園市",2022-03-04,1243
"1166","台南市",2022-03-05,68
"1167","台南市",2022-03-06,70
"1168","高雄市",2022-03-07,296
"1169","台南市",2022-03-07,75
"1170","宜蘭縣",2022-03-07,110
"1171","高雄市",2022-03-08,297
"1172","台南市",2022-03-08,76
"1173","台北市",2022-03-09,4931
"1174","台南市",2022-03-09,77
"1175","新北市",2022-03-09,7048
"1176","台北市",2022-03-10,4932
"1177","台南市",2022-03-10,79
"1178","台北市",2022-03-11,4934
"1179","台南市",2022-03-11,80
"1180","台東縣",2022-03-11,24
"1181","新北市",2022-03-11,7050
"1182","台北市",2022-03-12,4935
"1183","台南市",2022-03-12,81
"1184","台東縣",2022-03-13,26
"1185","基隆市",2022-03-13,321
"1186","宜蘭縣",2022-03-13,111
"1187","雲林縣",2022-03-13,23
"1188","台東縣",2022-03-14,27
"1189","嘉義市",2022-03-14,11
"1190","新北市",2022-03-14,7051
"1191","嘉義市",2022-03-15,12
"1192","新北市",2022-03-15,7052
"1193","新竹縣",2022-03-15,120
"1194","桃園市",2022-03-15,1247
"1195","雲林縣",2022-03-15,24
"1196","嘉義縣",2022-03-16,34
"1197","桃園市",2022-03-16,1249
"1198","雲林縣",2022-03-16,25
"1199","高雄市",2022-03-17,298
"1200","台北市",2022-03-17,4936
"1201","台東縣",2022-03-17,28
"1202","雲林縣",2022-03-17,26
"1203","台南市",2022-03-18,82
"1204","嘉義市",2022-03-18,14
"1205","嘉義縣",2022-03-18,35
"1206","基隆市",2022-03-18,322
"1207","台南市",2022-03-19,83
"1208","嘉義縣",2022-03-19,37
"1209","基隆市",2022-03-19,323
"1210","高雄市",2022-03-20,299
"1211","台北市",2022-03-20,4938
"1212","台南市",2022-03-20,84
"1213","嘉義縣",2022-03-20,38
"1214","新北市",2022-03-20,7055
"1215","高雄市",2022-03-21,301
"1216","台北市",2022-03-21,4943
"1217","台南市",2022-03-21,85
"1218","台東縣",2022-03-21,30
"1219","基隆市",2022-03-21,324
"1220","新北市",2022-03-21,7056
"1221","高雄市",2022-03-22,305
"1222","台北市",2022-03-22,4944
"1223","台南市",2022-03-22,86
"1224","台東縣",2022-03-22,31
"1225","基隆市",2022-03-22,326
"1226","高雄市",2022-03-23,309
"1227","台北市",2022-03-23,4945
"1228","基隆市",2022-03-23,327
"1229","新北市",2022-03-23,7061
"1230","新竹縣",2022-03-23,121
"1231","雲林縣",2022-03-23,28
"1232","高雄市",2022-03-24,311
"1233","基隆市",2022-03-24,330
"1234","新北市",2022-03-24,7064
"1235","高雄市",2022-03-25,314
"1236","台北市",2022-03-25,4947
"1237","台東縣",2022-03-25,32
"1238","基隆市",2022-03-25,339
"1239","彰化縣",2022-03-25,278
"1240","新北市",2022-03-25,7078
"1241","新竹縣",2022-03-25,122
"1242","桃園市",2022-03-25,1250
"1243","高雄市",2022-03-26,316
"1244","基隆市",2022-03-26,352
"1245","彰化縣",2022-03-26,279
"1246","新北市",2022-03-26,7095
"1247","新竹市",2022-03-26,51
"1248","新竹縣",2022-03-26,126
"1249","桃園市",2022-03-26,1253
"1250","花蓮縣",2022-03-26,69
"1251","雲林縣",2022-03-26,29
"1252","高雄市",2022-03-27,320
"1253","台北市",2022-03-27,4950
"1254","台東縣",2022-03-27,35
"1255","基隆市",2022-03-27,372
"1256","新北市",2022-03-27,7112
"1257","新竹縣",2022-03-27,179
"1258","桃園市",2022-03-27,1257
"1259","高雄市",2022-03-28,326
"1260","台中市",2022-03-28,212
"1261","台北市",2022-03-28,4957
"1262","台東縣",2022-03-28,37
"1263","基隆市",2022-03-28,392
"1264","彰化縣",2022-03-28,280
"1265","新北市",2022-03-28,7132
"1266","新竹市",2022-03-28,52
"1267","桃園市",2022-03-28,1271
"1268","高雄市",2022-03-29,327
"1269","台中市",2022-03-29,213
"1270","台北市",2022-03-29,4966
"1271","台南市",2022-03-29,88
"1272","台東縣",2022-03-29,38
"1273","基隆市",2022-03-29,412
"1274","宜蘭縣",2022-03-29,113
"1275","新北市",2022-03-29,7155
"1276","新竹市",2022-03-29,54
"1277","新竹縣",2022-03-29,180
"1278","桃園市",2022-03-29,1282
"1279","花蓮縣",2022-03-29,70
"1280","高雄市",2022-03-30,333
"1281","台北市",2022-03-30,4986
"1282","台南市",2022-03-30,89
"1283","台東縣",2022-03-30,39
"1284","嘉義縣",2022-03-30,40
"1285","基隆市",2022-03-30,429
"1286","宜蘭縣",2022-03-30,115
"1287","新北市",2022-03-30,7182
"1288","新竹縣",2022-03-30,182
"1289","桃園市",2022-03-30,1299
"1290","花蓮縣",2022-03-30,73
"1291","金門縣",2022-03-30,1
"1292","雲林縣",2022-03-30,30
"1293","高雄市",2022-03-31,335
"1294","台中市",2022-03-31,214
"1295","台北市",2022-03-31,5011
"1296","台南市",2022-03-31,90
"1297","基隆市",2022-03-31,454
"1298","宜蘭縣",2022-03-31,119
"1299","彰化縣",2022-03-31,284
"1300","新北市",2022-03-31,7231
"1301","新竹市",2022-03-31,56
"1302","新竹縣",2022-03-31,183
"1303","桃園市",2022-03-31,1313
"1304","花蓮縣",2022-03-31,75
"1305","高雄市",2022-04-01,338
"1306","台中市",2022-04-01,216
"1307","台北市",2022-04-01,5033
"1308","台南市",2022-04-01,91
"1309","台東縣",2022-04-01,40
"1310","基隆市",2022-04-01,508
"1311","宜蘭縣",2022-04-01,128
"1312","屏東縣",2022-04-01,53
"1313","彰化縣",2022-04-01,286
"1314","新北市",2022-04-01,7302
"1315","新竹市",2022-04-01,60
"1316","新竹縣",2022-04-01,188
"1317","桃園市",2022-04-01,1346
"1318","花蓮縣",2022-04-01,81
"1319","金門縣",2022-04-01,2
"1320","高雄市",2022-04-02,349
"1321","台中市",2022-04-02,218
"1322","台北市",2022-04-02,5051
"1323","台南市",2022-04-02,99
"1324","基隆市",2022-04-02,539
"1325","宜蘭縣",2022-04-02,134
"1326","屏東縣",2022-04-02,56
"1327","新北市",2022-04-02,7378
"1328","新竹縣",2022-04-02,198
"1329","桃園市",2022-04-02,1364
"1330","花蓮縣",2022-04-02,83
"1331","苗栗縣",2022-04-02,564
"1332","金門縣",2022-04-02,3
"1333","雲林縣",2022-04-02,32
"1334","高雄市",2022-04-03,354
"1335","台中市",2022-04-03,221
"1336","台北市",2022-04-03,5075
"1337","台東縣",2022-04-03,41
"1338","基隆市",2022-04-03,563
"1339","宜蘭縣",2022-04-03,139
"1340","屏東縣",2022-04-03,57
"1341","彰化縣",2022-04-03,287
"1342","新北市",2022-04-03,7453
"1343","新竹市",2022-04-03,63
"1344","新竹縣",2022-04-03,206
"1345","桃園市",2022-04-03,1383
"1346","花蓮縣",2022-04-03,86
"1347","金門縣",2022-04-03,4
"1348","高雄市",2022-04-04,365
"1349","台中市",2022-04-04,224
"1350","台北市",2022-04-04,5113
"1351","台南市",2022-04-04,105
"1352","嘉義縣",2022-04-04,41
"1353","基隆市",2022-04-04,603
"1354","宜蘭縣",2022-04-04,143
"1355","彰化縣",2022-04-04,289
"1356","新北市",2022-04-04,7564
"1357","新竹市",2022-04-04,69
"1358","新竹縣",2022-04-04,224
"1359","桃園市",2022-04-04,1392
"1360","花蓮縣",2022-04-04,99
"1361","高雄市",2022-04-05,413
"1362","台中市",2022-04-05,227
"1363","台北市",2022-04-05,5177
"1364","台南市",2022-04-05,115
"1365","嘉義縣",2022-04-05,46
"1366","基隆市",2022-04-05,634
"1367","宜蘭縣",2022-04-05,146
"1368","屏東縣",2022-04-05,59
"1369","彰化縣",2022-04-05,291
"1370","新北市",2022-04-05,7661
"1371","新竹市",2022-04-05,77
"1372","新竹縣",2022-04-05,240
"1373","桃園市",2022-04-05,1424
"1374","花蓮縣",2022-04-05,107
"1375","苗栗縣",2022-04-05,567
"1376","雲林縣",2022-04-05,34
"1377","高雄市",2022-04-06,444
"1378","台中市",2022-04-06,236
"1379","台北市",2022-04-06,5258
"1380","台南市",2022-04-06,118
"1381","嘉義縣",2022-04-06,48
"1382","基隆市",2022-04-06,669
"1383","宜蘭縣",2022-04-06,148
"1384","屏東縣",2022-04-06,64
"1385","彰化縣",2022-04-06,293
"1386","新北市",2022-04-06,7797
"1387","新竹市",2022-04-06,83
"1388","新竹縣",2022-04-06,249
"1389","桃園市",2022-04-06,1452
"1390","花蓮縣",2022-04-06,131
"1391","苗栗縣",2022-04-06,568
"1392","雲林縣",2022-04-06,35
"1393","南投縣",2022-04-07,39
"1394","高雄市",2022-04-07,489
"1395","台中市",2022-04-07,245
"1396","台北市",2022-04-07,5328
"1397","台南市",2022-04-07,123
"1398","台東縣",2022-04-07,42
"1399","嘉義市",2022-04-07,18
"1400","嘉義縣",2022-04-07,51
"1401","基隆市",2022-04-07,690
"1402","宜蘭縣",2022-04-07,154
"1403","屏東縣",2022-04-07,73
"1404","彰化縣",2022-04-07,296
"1405","新北市",2022-04-07,7937
"1406","新竹市",2022-04-07,90
"1407","新竹縣",2022-04-07,260
"1408","桃園市",2022-04-07,1483
"1409","花蓮縣",2022-04-07,158
"1410","苗栗縣",2022-04-07,572
"1411","雲林縣",2022-04-07,38
"1412","南投縣",2022-04-08,41
"1413","高雄市",2022-04-08,524
"1414","台中市",2022-04-08,260
"1415","台北市",2022-04-08,5400
"1416","台南市",2022-04-08,130
"1417","台東縣",2022-04-08,43
"1418","嘉義市",2022-04-08,20
"1419","嘉義縣",2022-04-08,59
"1420","基隆市",2022-04-08,729
"1421","宜蘭縣",2022-04-08,158
"1422","屏東縣",2022-04-08,85
"1423","彰化縣",2022-04-08,299
"1424","新北市",2022-04-08,8063
"1425","新竹市",2022-04-08,95
"1426","新竹縣",2022-04-08,276
"1427","桃園市",2022-04-08,1547
"1428","花蓮縣",2022-04-08,180
"1429","雲林縣",2022-04-08,39
"1430","南投縣",2022-04-09,42
"1431","高雄市",2022-04-09,552
"1432","台中市",2022-04-09,266
"1433","台北市",2022-04-09,5492
"1434","台南市",2022-04-09,144
"1435","嘉義市",2022-04-09,24
"1436","嘉義縣",2022-04-09,68
"1437","基隆市",2022-04-09,768
"1438","宜蘭縣",2022-04-09,177
"1439","屏東縣",2022-04-09,113
"1440","彰化縣",2022-04-09,303
"1441","新北市",2022-04-09,8231
"1442","新竹市",2022-04-09,105
"1443","新竹縣",2022-04-09,298
"1444","桃園市",2022-04-09,1594
"1445","花蓮縣",2022-04-09,189
"1446","苗栗縣",2022-04-09,573
"1447","雲林縣",2022-04-09,42
"1448","高雄市",2022-04-10,592
"1449","台中市",2022-04-10,283
"1450","台北市",2022-04-10,5607
"1451","台南市",2022-04-10,151
"1452","台東縣",2022-04-10,46
"1453","基隆市",2022-04-10,802
"1454","宜蘭縣",2022-04-10,188
"1455","屏東縣",2022-04-10,126
"1456","彰化縣",2022-04-10,308
"1457","新北市",2022-04-10,8392
"1458","新竹市",2022-04-10,110
"1459","新竹縣",2022-04-10,308
"1460","桃園市",2022-04-10,1644
"1461","花蓮縣",2022-04-10,215
"1462","苗栗縣",2022-04-10,577
"1463","雲林縣",2022-04-10,46
"1464","高雄市",2022-04-11,651
"1465","台中市",2022-04-11,310
"1466","台北市",2022-04-11,5741
"1467","台南市",2022-04-11,164
"1468","台東縣",2022-04-11,47
"1469","嘉義市",2022-04-11,28
"1470","嘉義縣",2022-04-11,72
"1471","基隆市",2022-04-11,841
"1472","宜蘭縣",2022-04-11,197
"1473","屏東縣",2022-04-11,135
"1474","彰化縣",2022-04-11,310
"1475","新北市",2022-04-11,8594
"1476","新竹市",2022-04-11,120
"1477","新竹縣",2022-04-11,319
"1478","桃園市",2022-04-11,1718
"1479","花蓮縣",2022-04-11,251
"1480","苗栗縣",2022-04-11,580
"1481","雲林縣",2022-04-11,48
"1482","南投縣",2022-04-12,45
"1483","高雄市",2022-04-12,691
"1484","台中市",2022-04-12,331
"1485","台北市",2022-04-12,5900
"1486","台南市",2022-04-12,178
"1487","台東縣",2022-04-12,52
"1488","嘉義市",2022-04-12,29
"1489","嘉義縣",2022-04-12,74
"1490","基隆市",2022-04-12,885
"1491","宜蘭縣",2022-04-12,216
"1492","屏東縣",2022-04-12,152
"1493","彰化縣",2022-04-12,316
"1494","新北市",2022-04-12,8859
"1495","新竹市",2022-04-12,129
"1496","新竹縣",2022-04-12,333
"1497","桃園市",2022-04-12,1788
"1498","花蓮縣",2022-04-12,296
"1499","苗栗縣",2022-04-12,585
"1500","雲林縣",2022-04-12,49
"1501","南投縣",2022-04-13,48
"1502","高雄市",2022-04-13,745
"1503","台中市",2022-04-13,368
"1504","台北市",2022-04-13,6038
"1505","台南市",2022-04-13,199
"1506","台東縣",2022-04-13,56
"1507","嘉義市",2022-04-13,30
"1508","嘉義縣",2022-04-13,76
"1509","基隆市",2022-04-13,953
"1510","宜蘭縣",2022-04-13,234
"1511","屏東縣",2022-04-13,159
"1512","彰化縣",2022-04-13,326
"1513","新北市",2022-04-13,9204
"1514","新竹市",2022-04-13,143
"1515","新竹縣",2022-04-13,351
"1516","桃園市",2022-04-13,1929
"1517","花蓮縣",2022-04-13,351
"1518","苗栗縣",2022-04-13,589
"1519","金門縣",2022-04-13,5
"1520","雲林縣",2022-04-13,50
"1521","南投縣",2022-04-14,51
"1522","高雄市",2022-04-14,796
"1523","台中市",2022-04-14,402
"1524","台北市",2022-04-14,6217
"1525","台南市",2022-04-14,226
"1526","台東縣",2022-04-14,77
"1527","嘉義市",2022-04-14,32
"1528","嘉義縣",2022-04-14,78
"1529","基隆市",2022-04-14,1030
"1530","宜蘭縣",2022-04-14,269
"1531","屏東縣",2022-04-14,183
"1532","彰化縣",2022-04-14,331
"1533","新北市",2022-04-14,9579
"1534","新竹市",2022-04-14,163
"1535","新竹縣",2022-04-14,370
"1536","桃園市",2022-04-14,2185
"1537","花蓮縣",2022-04-14,495
"1538","苗栗縣",2022-04-14,606
"1539","雲林縣",2022-04-14,52
"1540","南投縣",2022-04-15,56
"1541","高雄市",2022-04-15,853
"1542","台中市",2022-04-15,447
"1543","台北市",2022-04-15,6415
"1544","台南市",2022-04-15,254
"1545","台東縣",2022-04-15,95
"1546","嘉義市",2022-04-15,34
"1547","基隆市",2022-04-15,1105
"1548","宜蘭縣",2022-04-15,317
"1549","屏東縣",2022-04-15,190
"1550","彰化縣",2022-04-15,339
"1551","新北市",2022-04-15,10046
"1552","新竹市",2022-04-15,180
"1553","新竹縣",2022-04-15,389
"1554","桃園市",2022-04-15,2394
"1555","花蓮縣",2022-04-15,578
"1556","苗栗縣",2022-04-15,611
"1557","連江縣",2022-04-15,7
"1558","雲林縣",2022-04-15,62
"1559","南投縣",2022-04-16,59
"1560","高雄市",2022-04-16,884
"1561","台中市",2022-04-16,488
"1562","台北市",2022-04-16,6681
"1563","台南市",2022-04-16,268
"1564","台東縣",2022-04-16,110
"1565","嘉義縣",2022-04-16,80
"1566","基隆市",2022-04-16,1225
"1567","宜蘭縣",2022-04-16,386
"1568","屏東縣",2022-04-16,207
"1569","彰化縣",2022-04-16,345
"1570","新北市",2022-04-16,10456
"1571","新竹市",2022-04-16,193
"1572","新竹縣",2022-04-16,403
"1573","桃園市",2022-04-16,2591
"1574","澎湖縣",2022-04-16,6
"1575","花蓮縣",2022-04-16,691
"1576","苗栗縣",2022-04-16,619
"1577","雲林縣",2022-04-16,66
"1578","南投縣",2022-04-17,65
"1579","高雄市",2022-04-17,920
"1580","台中市",2022-04-17,544
"1581","台北市",2022-04-17,6934
"1582","台南市",2022-04-17,293
"1583","台東縣",2022-04-17,121
"1584","嘉義市",2022-04-17,35
"1585","嘉義縣",2022-04-17,90
"1586","基隆市",2022-04-17,1350
"1587","宜蘭縣",2022-04-17,455
"1588","屏東縣",2022-04-17,230
"1589","彰化縣",2022-04-17,357
"1590","新北市",2022-04-17,10959
"1591","新竹市",2022-04-17,208
"1592","新竹縣",2022-04-17,412
"1593","桃園市",2022-04-17,2840
"1594","澎湖縣",2022-04-17,7
"1595","花蓮縣",2022-04-17,761
"1596","苗栗縣",2022-04-17,622
"1597","金門縣",2022-04-17,6
"1598","雲林縣",2022-04-17,77
"1599","南投縣",2022-04-18,71
"1600","高雄市",2022-04-18,1021
"1601","台中市",2022-04-18,623
"1602","台北市",2022-04-18,7284
"1603","台南市",2022-04-18,339
"1604","台東縣",2022-04-18,130
"1605","嘉義市",2022-04-18,41
"1606","嘉義縣",2022-04-18,92
"1607","基隆市",2022-04-18,1484
"1608","宜蘭縣",2022-04-18,520
"1609","屏東縣",2022-04-18,245
"1610","彰化縣",2022-04-18,383
"1611","新北市",2022-04-18,11721
"1612","新竹市",2022-04-18,233
"1613","新竹縣",2022-04-18,438
"1614","桃園市",2022-04-18,3173
"1615","澎湖縣",2022-04-18,8
"1616","花蓮縣",2022-04-18,851
"1617","苗栗縣",2022-04-18,635
"1618","連江縣",2022-04-18,10
"1619","雲林縣",2022-04-18,93
"1620","南投縣",2022-04-19,82
"1621","高雄市",2022-04-19,1101
"1622","台中市",2022-04-19,738
"1623","台北市",2022-04-19,7776
"1624","台南市",2022-04-19,372
"1625","台東縣",2022-04-19,154
"1626","嘉義市",2022-04-19,45
"1627","嘉義縣",2022-04-19,95
"1628","基隆市",2022-04-19,1659
"1629","宜蘭縣",2022-04-19,610
"1630","屏東縣",2022-04-19,279
"1631","彰化縣",2022-04-19,405
"1632","新北市",2022-04-19,12655
"1633","新竹市",2022-04-19,250
"1634","新竹縣",2022-04-19,465
"1635","桃園市",2022-04-19,3651
"1636","花蓮縣",2022-04-19,920
"1637","苗栗縣",2022-04-19,651
"1638","連江縣",2022-04-19,11
"1639","雲林縣",2022-04-19,122
"1640","南投縣",2022-04-20,95
"1641","高雄市",2022-04-20,1195
"1642","台中市",2022-04-20,892
"1643","台北市",2022-04-20,8410
"1644","台南市",2022-04-20,438
"1645","台東縣",2022-04-20,167
"1646","嘉義市",2022-04-20,49
"1647","嘉義縣",2022-04-20,108
"1648","基隆市",2022-04-20,1904
"1649","宜蘭縣",2022-04-20,687
"1650","屏東縣",2022-04-20,311
"1651","彰化縣",2022-04-20,453
"1652","新北市",2022-04-20,13774
"1653","新竹市",2022-04-20,274
"1654","新竹縣",2022-04-20,506
"1655","桃園市",2022-04-20,4091
"1656","澎湖縣",2022-04-20,11
"1657","花蓮縣",2022-04-20,1022
"1658","苗栗縣",2022-04-20,666
"1659","連江縣",2022-04-20,13
"1660","金門縣",2022-04-20,8
"1661","雲林縣",2022-04-20,164
"1662","南投縣",2022-04-21,107
"1663","高雄市",2022-04-21,1327
"1664","台中市",2022-04-21,1105
"1665","台北市",2022-04-21,9174
"1666","台南市",2022-04-21,490
"1667","台東縣",2022-04-21,201
"1668","嘉義市",2022-04-21,50
"1669","嘉義縣",2022-04-21,112
"1670","基隆市",2022-04-21,2146
"1671","宜蘭縣",2022-04-21,766
"1672","屏東縣",2022-04-21,337
"1673","彰化縣",2022-04-21,503
"1674","新北市",2022-04-21,15241
"1675","新竹市",2022-04-21,307
"1676","新竹縣",2022-04-21,564
"1677","桃園市",2022-04-21,4788
"1678","澎湖縣",2022-04-21,12
"1679","花蓮縣",2022-04-21,1126
"1680","苗栗縣",2022-04-21,699
"1681","連江縣",2022-04-21,16
"1682","金門縣",2022-04-21,13
"1683","雲林縣",2022-04-21,221
"1684","南投縣",2022-04-22,126
"1685","高雄市",2022-04-22,1450
"1686","台中市",2022-04-22,1324
"1687","台北市",2022-04-22,10179
"1688","台南市",2022-04-22,561
"1689","台東縣",2022-04-22,224
"1690","嘉義市",2022-04-22,64
"1691","嘉義縣",2022-04-22,115
"1692","基隆市",2022-04-22,2385
"1693","宜蘭縣",2022-04-22,873
"1694","屏東縣",2022-04-22,359
"1695","彰化縣",2022-04-22,542
"1696","新北市",2022-04-22,16981
"1697","新竹市",2022-04-22,355
"1698","新竹縣",2022-04-22,626
"1699","桃園市",2022-04-22,5391
"1700","澎湖縣",2022-04-22,15
"1701","花蓮縣",2022-04-22,1267
"1702","苗栗縣",2022-04-22,724
"1703","金門縣",2022-04-22,19
"1704","雲林縣",2022-04-22,261
"1705","南投縣",2022-04-23,140
"1706","高雄市",2022-04-23,1615
"1707","台中市",2022-04-23,1520
"1708","台北市",2022-04-23,11235
"1709","台南市",2022-04-23,627
"1710","台東縣",2022-04-23,260
"1711","嘉義市",2022-04-23,77
"1712","嘉義縣",2022-04-23,137
"1713","基隆市",2022-04-23,2705
"1714","宜蘭縣",2022-04-23,1010
"1715","屏東縣",2022-04-23,401
"1716","彰化縣",2022-04-23,611
"1717","新北市",2022-04-23,18869
"1718","新竹市",2022-04-23,402
"1719","新竹縣",2022-04-23,701
"1720","桃園市",2022-04-23,6563
"1721","澎湖縣",2022-04-23,17
"1722","花蓮縣",2022-04-23,1472
"1723","苗栗縣",2022-04-23,749
"1724","連江縣",2022-04-23,18
"1725","金門縣",2022-04-23,21
"1726","雲林縣",2022-04-23,288
"1727","南投縣",2022-04-24,158
"1728","高雄市",2022-04-24,1756
"1729","台中市",2022-04-24,1798
"1730","台北市",2022-04-24,12279
"1731","台南市",2022-04-24,708
"1732","台東縣",2022-04-24,291
"1733","嘉義市",2022-04-24,85
"1734","嘉義縣",2022-04-24,153
"1735","基隆市",2022-04-24,3079
"1736","宜蘭縣",2022-04-24,1321
"1737","屏東縣",2022-04-24,448
"1738","彰化縣",2022-04-24,671
"1739","新北市",2022-04-24,20989
"1740","新竹市",2022-04-24,452
"1741","新竹縣",2022-04-24,762
"1742","桃園市",2022-04-24,7558
"1743","澎湖縣",2022-04-24,20
"1744","花蓮縣",2022-04-24,1665
"1745","苗栗縣",2022-04-24,780
"1746","連江縣",2022-04-24,19
"1747","金門縣",2022-04-24,25
"1748","雲林縣",2022-04-24,312
"1749","南投縣",2022-04-25,181
"1750","高雄市",2022-04-25,2041
"1751","台中市",2022-04-25,2227
"1752","台北市",2022-04-25,13863
"1753","台南市",2022-04-25,845
"1754","台東縣",2022-04-25,323
"1755","嘉義市",2022-04-25,92
"1756","嘉義縣",2022-04-25,174
"1757","基隆市",2022-04-25,3512
"1758","宜蘭縣",2022-04-25,1483
"1759","屏東縣",2022-04-25,510
"1760","彰化縣",2022-04-25,771
"1761","新北市",2022-04-25,23664
"1762","新竹市",2022-04-25,533
"1763","新竹縣",2022-04-25,889
"1764","桃園市",2022-04-25,9120
"1765","澎湖縣",2022-04-25,26
"1766","花蓮縣",2022-04-25,1927
"1767","苗栗縣",2022-04-25,821
"1768","連江縣",2022-04-25,22
"1769","金門縣",2022-04-25,35
"1770","雲林縣",2022-04-25,366
"1771","南投縣",2022-04-26,230
"1772","高雄市",2022-04-26,2373
"1773","台中市",2022-04-26,2811
"1774","台北市",2022-04-26,15603
"1775","台南市",2022-04-26,1036
"1776","台東縣",2022-04-26,367
"1777","嘉義市",2022-04-26,112
"1778","嘉義縣",2022-04-26,210
"1779","基隆市",2022-04-26,3995
"1780","宜蘭縣",2022-04-26,1645
"1781","屏東縣",2022-04-26,597
"1782","彰化縣",2022-04-26,895
"1783","新北市",2022-04-26,27343
"1784","新竹市",2022-04-26,634
"1785","新竹縣",2022-04-26,999
"1786","桃園市",2022-04-26,10739
"1787","澎湖縣",2022-04-26,32
"1788","花蓮縣",2022-04-26,2220
"1789","苗栗縣",2022-04-26,891
"1790","連江縣",2022-04-26,28
"1791","金門縣",2022-04-26,41
"1792","雲林縣",2022-04-26,443
"1793","南投縣",2022-04-27,285
"1794","高雄市",2022-04-27,2750
"1795","台中市",2022-04-27,3447
"1796","台北市",2022-04-27,18057
"1797","台南市",2022-04-27,1245
"1798","台東縣",2022-04-27,426
"1799","嘉義市",2022-04-27,128
"1800","嘉義縣",2022-04-27,238
"1801","基隆市",2022-04-27,4589
"1802","宜蘭縣",2022-04-27,1843
"1803","屏東縣",2022-04-27,692
"1804","彰化縣",2022-04-27,1028
"1805","新北市",2022-04-27,32227
"1806","新竹市",2022-04-27,750
"1807","新竹縣",2022-04-27,1145
"1808","桃園市",2022-04-27,12800
"1809","澎湖縣",2022-04-27,40
"1810","花蓮縣",2022-04-27,2445
"1811","苗栗縣",2022-04-27,954
"1812","連江縣",2022-04-27,32
"1813","金門縣",2022-04-27,44
"1814","雲林縣",2022-04-27,522
"1815","南投縣",2022-04-28,344
"1816","高雄市",2022-04-28,3191
"1817","台中市",2022-04-28,4129
"1818","台北市",2022-04-28,20845
"1819","台南市",2022-04-28,1507
"1820","台東縣",2022-04-28,476
"1821","嘉義市",2022-04-28,162
"1822","嘉義縣",2022-04-28,272
"1823","基隆市",2022-04-28,5270
"1824","宜蘭縣",2022-04-28,2081
"1825","屏東縣",2022-04-28,815
"1826","彰化縣",2022-04-28,1219
"1827","新北市",2022-04-28,37418
"1828","新竹市",2022-04-28,861
"1829","新竹縣",2022-04-28,1302
"1830","桃園市",2022-04-28,14980
"1831","澎湖縣",2022-04-28,44
"1832","花蓮縣",2022-04-28,2658
"1833","苗栗縣",2022-04-28,1017
"1834","連江縣",2022-04-28,37
"1835","金門縣",2022-04-28,53
"1836","雲林縣",2022-04-28,648
"1837","南投縣",2022-04-29,393
"1838","高雄市",2022-04-29,3687
"1839","台中市",2022-04-29,5052
"1840","台北市",2022-04-29,24124
"1841","台南市",2022-04-29,1873
"1842","台東縣",2022-04-29,532
"1843","嘉義市",2022-04-29,207
"1844","嘉義縣",2022-04-29,355
"1845","基隆市",2022-04-29,5935
"1846","宜蘭縣",2022-04-29,2358
"1847","屏東縣",2022-04-29,961
"1848","彰化縣",2022-04-29,1416
"1849","新北市",2022-04-29,43240
"1850","新竹市",2022-04-29,979
"1851","新竹縣",2022-04-29,1526
"1852","桃園市",2022-04-29,17073
"1853","澎湖縣",2022-04-29,59
"1854","花蓮縣",2022-04-29,2941
"1855","苗栗縣",2022-04-29,1106
"1856","連江縣",2022-04-29,38
"1857","金門縣",2022-04-29,61
"1858","雲林縣",2022-04-29,818
"1859","南投縣",2022-04-30,461
"1860","高雄市",2022-04-30,4274
"1861","台中市",2022-04-30,6212
"1862","台北市",2022-04-30,27900
"1863","台南市",2022-04-30,2280
"1864","台東縣",2022-04-30,624
"1865","嘉義市",2022-04-30,251
"1866","嘉義縣",2022-04-30,413
"1867","基隆市",2022-04-30,6765
"1868","宜蘭縣",2022-04-30,2680
"1869","屏東縣",2022-04-30,1164
"1870","彰化縣",2022-04-30,1651
"1871","新北市",2022-04-30,49596
"1872","新竹市",2022-04-30,1123
"1873","新竹縣",2022-04-30,1751
"1874","桃園市",2022-04-30,20049
"1875","澎湖縣",2022-04-30,78
"1876","花蓮縣",2022-04-30,3243
"1877","苗栗縣",2022-04-30,1185
"1878","連江縣",2022-04-30,47
"1879","金門縣",2022-04-30,81
"1880","雲林縣",2022-04-30,953
"1881","南投縣",2022-05-01,557
"1882","高雄市",2022-05-01,5117
"1883","台中市",2022-05-01,7683
"1884","台北市",2022-05-01,31846
"1885","台南市",2022-05-01,2840
"1886","台東縣",2022-05-01,705
"1887","嘉義市",2022-05-01,319
"1888","嘉義縣",2022-05-01,500
"1889","基隆市",2022-05-01,7928
"1890","宜蘭縣",2022-05-01,2949
"1891","屏東縣",2022-05-01,1439
"1892","彰化縣",2022-05-01,1871
"1893","新北市",2022-05-01,57618
"1894","新竹市",2022-05-01,1215
"1895","新竹縣",2022-05-01,2086
"1896","桃園市",2022-05-01,23359
"1897","澎湖縣",2022-05-01,89
"1898","花蓮縣",2022-05-01,3620
"1899","苗栗縣",2022-05-01,1306
"1900","連江縣",2022-05-01,54
"1901","金門縣",2022-05-01,91
"1902","雲林縣",2022-05-01,1141
"1903","南投縣",2022-05-02,658
"1904","高雄市",2022-05-02,6132
"1905","台中市",2022-05-02,9372
"1906","台北市",2022-05-02,36734
"1907","台南市",2022-05-02,3473
"1908","台東縣",2022-05-02,806
"1909","嘉義市",2022-05-02,411
"1910","嘉義縣",2022-05-02,618
"1911","基隆市",2022-05-02,9063
"1912","宜蘭縣",2022-05-02,3595
"1913","屏東縣",2022-05-02,1755
"1914","彰化縣",2022-05-02,2131
"1915","新北市",2022-05-02,67353
"1916","新竹市",2022-05-02,1345
"1917","新竹縣",2022-05-02,2407
"1918","桃園市",2022-05-02,26698
"1919","澎湖縣",2022-05-02,121
"1920","花蓮縣",2022-05-02,4138
"1921","苗栗縣",2022-05-02,1466
"1922","連江縣",2022-05-02,57
"1923","金門縣",2022-05-02,96
"1924","雲林縣",2022-05-02,1348
"1925","南投縣",2022-05-03,835
"1926","高雄市",2022-05-03,7470
"1927","台中市",2022-05-03,11263
"1928","台北市",2022-05-03,42193
"1929","台南市",2022-05-03,4136
"1930","台東縣",2022-05-03,914
"1931","嘉義市",2022-05-03,482
"1932","嘉義縣",2022-05-03,741
"1933","基隆市",2022-05-03,10145
"1934","宜蘭縣",2022-05-03,4194
"1935","屏東縣",2022-05-03,2155
"1936","彰化縣",2022-05-03,2451
"1937","新北市",2022-05-03,78151
"1938","新竹市",2022-05-03,1592
"1939","新竹縣",2022-05-03,2882
"1940","桃園市",2022-05-03,31872
"1941","澎湖縣",2022-05-03,150
"1942","花蓮縣",2022-05-03,4594
"1943","苗栗縣",2022-05-03,1668
"1944","連江縣",2022-05-03,67
"1945","金門縣",2022-05-03,120
"1946","雲林縣",2022-05-03,1669
"1947","南投縣",2022-05-04,969
"1948","高雄市",2022-05-04,8899
"1949","台中市",2022-05-04,13250
"1950","台北市",2022-05-04,48076
"1951","台南市",2022-05-04,4951
"1952","台東縣",2022-05-04,1052
"1953","嘉義市",2022-05-04,577
"1954","嘉義縣",2022-05-04,873
"1955","基隆市",2022-05-04,11270
"1956","宜蘭縣",2022-05-04,4811
"1957","屏東縣",2022-05-04,2584
"1958","彰化縣",2022-05-04,2872
"1959","新北市",2022-05-04,90207
"1960","新竹市",2022-05-04,1851
"1961","新竹縣",2022-05-04,3443
"1962","桃園市",2022-05-04,36862
"1963","澎湖縣",2022-05-04,187
"1964","花蓮縣",2022-05-04,5109
"1965","苗栗縣",2022-05-04,1874
"1966","連江縣",2022-05-04,84
"1967","金門縣",2022-05-04,131
"1968","雲林縣",2022-05-04,1970
"1969","南投縣",2022-05-05,1145
"1970","高雄市",2022-05-05,10643
"1971","台中市",2022-05-05,15515
"1972","台北市",2022-05-05,55327
"1973","台南市",2022-05-05,5882
"1974","台東縣",2022-05-05,1205
"1975","嘉義市",2022-05-05,690
"1976","嘉義縣",2022-05-05,1017
"1977","基隆市",2022-05-05,12523
"1978","宜蘭縣",2022-05-05,5462
"1979","屏東縣",2022-05-05,2965
"1980","彰化縣",2022-05-05,3267
"1981","新北市",2022-05-05,102745
"1982","新竹市",2022-05-05,2124
"1983","新竹縣",2022-05-05,3919
"1984","桃園市",2022-05-05,42317
"1985","澎湖縣",2022-05-05,222
"1986","花蓮縣",2022-05-05,5457
"1987","苗栗縣",2022-05-05,2137
"1988","連江縣",2022-05-05,95
"1989","金門縣",2022-05-05,139
"1990","雲林縣",2022-05-05,2280
"1991","南投縣",2022-05-06,1423
"1992","高雄市",2022-05-06,12784
"1993","台中市",2022-05-06,18225
"1994","台北市",2022-05-06,63718
"1995","台南市",2022-05-06,7083
"1996","台東縣",2022-05-06,1455
"1997","嘉義市",2022-05-06,802
"1998","嘉義縣",2022-05-06,1186
"1999","基隆市",2022-05-06,13841
"2000","宜蘭縣",2022-05-06,6275
"2001","屏東縣",2022-05-06,3514
"2002","彰化縣",2022-05-06,3788
"2003","新北市",2022-05-06,119417
"2004","新竹市",2022-05-06,2541
"2005","新竹縣",2022-05-06,4706
"2006","桃園市",2022-05-06,49027
"2007","澎湖縣",2022-05-06,273
"2008","花蓮縣",2022-05-06,6251
"2009","苗栗縣",2022-05-06,2431
"2010","連江縣",2022-05-06,112
"2011","金門縣",2022-05-06,150
"2012","雲林縣",2022-05-06,2601
"2013","南投縣",2022-05-07,1659
"2014","高雄市",2022-05-07,14846
"2015","台中市",2022-05-07,20792
"2016","台北市",2022-05-07,70903
"2017","台南市",2022-05-07,8480
"2018","台東縣",2022-05-07,1672
"2019","嘉義市",2022-05-07,924
"2020","嘉義縣",2022-05-07,1386
"2021","基隆市",2022-05-07,15180
"2022","宜蘭縣",2022-05-07,6902
"2023","屏東縣",2022-05-07,4155
"2024","彰化縣",2022-05-07,4342
"2025","新北市",2022-05-07,138316
"2026","新竹市",2022-05-07,3049
"2027","新竹縣",2022-05-07,5354
"2028","桃園市",2022-05-07,55303
"2029","澎湖縣",2022-05-07,325
"2030","花蓮縣",2022-05-07,6914
"2031","苗栗縣",2022-05-07,2785
"2032","連江縣",2022-05-07,121
"2033","金門縣",2022-05-07,165
"2034","雲林縣",2022-05-07,2887
"2035","南投縣",2022-05-08,1932
"2036","高雄市",2022-05-08,16916
"2037","台中市",2022-05-08,23984
"2038","台北市",2022-05-08,77352
"2039","台南市",2022-05-08,10018
"2040","台東縣",2022-05-08,1938
"2041","嘉義市",2022-05-08,1072
"2042","嘉義縣",2022-05-08,1606
"2043","基隆市",2022-05-08,16694
"2044","宜蘭縣",2022-05-08,7981
"2045","屏東縣",2022-05-08,4874
"2046","彰化縣",2022-05-08,4971
"2047","新北市",2022-05-08,152671
"2048","新竹市",2022-05-08,3392
"2049","新竹縣",2022-05-08,6113
"2050","桃園市",2022-05-08,60628
"2051","澎湖縣",2022-05-08,381
"2052","花蓮縣",2022-05-08,7604
"2053","苗栗縣",2022-05-08,3118
"2054","連江縣",2022-05-08,125
"2055","金門縣",2022-05-08,179
"2056","雲林縣",2022-05-08,3297
"2057","南投縣",2022-05-09,2241
"2058","高雄市",2022-05-09,19259
"2059","台中市",2022-05-09,27607
"2060","台北市",2022-05-09,85636
"2061","台南市",2022-05-09,11539
"2062","台東縣",2022-05-09,2099
"2063","嘉義市",2022-05-09,1182
"2064","嘉義縣",2022-05-09,1758
"2065","基隆市",2022-05-09,18200
"2066","宜蘭縣",2022-05-09,9025
"2067","屏東縣",2022-05-09,5498
"2068","彰化縣",2022-05-09,5680
"2069","新北市",2022-05-09,166384
"2070","新竹市",2022-05-09,3863
"2071","新竹縣",2022-05-09,6841
"2072","桃園市",2022-05-09,66957
"2073","澎湖縣",2022-05-09,437
"2074","花蓮縣",2022-05-09,8249
"2075","苗栗縣",2022-05-09,3511
"2076","連江縣",2022-05-09,138
"2077","金門縣",2022-05-09,211
"2078","雲林縣",2022-05-09,3834
"2079","南投縣",2022-05-10,2623
"2080","高雄市",2022-05-10,22629
"2081","台中市",2022-05-10,31626
"2082","台北市",2022-05-10,95299
"2083","台南市",2022-05-10,13474
"2084","台東縣",2022-05-10,2440
"2085","嘉義市",2022-05-10,1451
"2086","嘉義縣",2022-05-10,2091
"2087","基隆市",2022-05-10,20242
"2088","宜蘭縣",2022-05-10,10437
"2089","屏東縣",2022-05-10,6614
"2090","彰化縣",2022-05-10,6631
"2091","新北市",2022-05-10,188985
"2092","新竹市",2022-05-10,4921
"2093","新竹縣",2022-05-10,8527
"2094","桃園市",2022-05-10,79124
"2095","澎湖縣",2022-05-10,508
"2096","花蓮縣",2022-05-10,9270
"2097","苗栗縣",2022-05-10,4194
"2098","連江縣",2022-05-10,147
"2099","金門縣",2022-05-10,260
"2100","雲林縣",2022-05-10,4374
"2101","南投縣",2022-05-11,3008
"2102","高雄市",2022-05-11,26178
"2103","台中市",2022-05-11,35625
"2104","台北市",2022-05-11,104844
"2105","台南市",2022-05-11,15560
"2106","台東縣",2022-05-11,2825
"2107","嘉義市",2022-05-11,1645
"2108","嘉義縣",2022-05-11,2432
"2109","基隆市",2022-05-11,22107
"2110","宜蘭縣",2022-05-11,11414
"2111","屏東縣",2022-05-11,7699
"2112","彰化縣",2022-05-11,7604
"2113","新北市",2022-05-11,212938
"2114","新竹市",2022-05-11,5679
"2115","新竹縣",2022-05-11,9794
"2116","桃園市",2022-05-11,89528
"2117","澎湖縣",2022-05-11,584
"2118","花蓮縣",2022-05-11,10288
"2119","苗栗縣",2022-05-11,4948
"2120","連江縣",2022-05-11,157
"2121","金門縣",2022-05-11,308
"2122","雲林縣",2022-05-11,4813
"2123","南投縣",2022-05-12,3427
"2124","高雄市",2022-05-12,29696
"2125","台中市",2022-05-12,39935
"2126","台北市",2022-05-12,115501
"2127","台南市",2022-05-12,17746
"2128","台東縣",2022-05-12,3153
"2129","嘉義市",2022-05-12,1893
"2130","嘉義縣",2022-05-12,2740
"2131","基隆市",2022-05-12,24250
"2132","宜蘭縣",2022-05-12,12491
"2133","屏東縣",2022-05-12,8700
"2134","彰化縣",2022-05-12,8745
"2135","新北市",2022-05-12,236428
"2136","新竹市",2022-05-12,6352
"2137","新竹縣",2022-05-12,11425
"2138","桃園市",2022-05-12,99223
"2139","澎湖縣",2022-05-12,664
"2140","花蓮縣",2022-05-12,11243
"2141","苗栗縣",2022-05-12,5707
"2142","連江縣",2022-05-12,165
"2143","金門縣",2022-05-12,382
"2144","雲林縣",2022-05-12,5437
"2145","南投縣",2022-05-13,3855
"2146","高雄市",2022-05-13,33694
"2147","台中市",2022-05-13,44551
"2148","台北市",2022-05-13,124615
"2149","台南市",2022-05-13,20037
"2150","台東縣",2022-05-13,3513
"2151","嘉義市",2022-05-13,2115
"2152","嘉義縣",2022-05-13,3146
"2153","基隆市",2022-05-13,26202
"2154","宜蘭縣",2022-05-13,14258
"2155","屏東縣",2022-05-13,9746
"2156","彰化縣",2022-05-13,9870
"2157","新北市",2022-05-13,259476
"2158","新竹市",2022-05-13,7587
"2159","新竹縣",2022-05-13,13143
"2160","桃園市",2022-05-13,108553
"2161","澎湖縣",2022-05-13,745
"2162","花蓮縣",2022-05-13,12113
"2163","苗栗縣",2022-05-13,6348
"2164","連江縣",2022-05-13,178
"2165","金門縣",2022-05-13,530
"2166","雲林縣",2022-05-13,6048
"2167","南投縣",2022-05-14,4367
"2168","高雄市",2022-05-14,37868
"2169","台中市",2022-05-14,49073
"2170","台北市",2022-05-14,134778
"2171","台南市",2022-05-14,22264
"2172","台東縣",2022-05-14,3799
"2173","嘉義市",2022-05-14,2334
"2174","嘉義縣",2022-05-14,3544
"2175","基隆市",2022-05-14,28494
"2176","宜蘭縣",2022-05-14,15964
"2177","屏東縣",2022-05-14,10840
"2178","彰化縣",2022-05-14,11321
"2179","新北市",2022-05-14,282963
"2180","新竹市",2022-05-14,8972
"2181","新竹縣",2022-05-14,15094
"2182","桃園市",2022-05-14,117431
"2183","澎湖縣",2022-05-14,838
"2184","花蓮縣",2022-05-14,12991
"2185","苗栗縣",2022-05-14,7159
"2186","連江縣",2022-05-14,184
"2187","金門縣",2022-05-14,601
"2188","雲林縣",2022-05-14,6673
"2189","南投縣",2022-05-15,4922
"2190","高雄市",2022-05-15,42264
"2191","台中市",2022-05-15,53777
"2192","台北市",2022-05-15,143764
"2193","台南市",2022-05-15,24923
"2194","台東縣",2022-05-15,4137
"2195","嘉義市",2022-05-15,2636
"2196","嘉義縣",2022-05-15,3925
"2197","基隆市",2022-05-15,30053
"2198","宜蘭縣",2022-05-15,17594
"2199","屏東縣",2022-05-15,11877
"2200","彰化縣",2022-05-15,12707
"2201","新北市",2022-05-15,304363
"2202","新竹市",2022-05-15,9862
"2203","新竹縣",2022-05-15,16876
"2204","桃園市",2022-05-15,126369
"2205","澎湖縣",2022-05-15,937
"2206","花蓮縣",2022-05-15,13742
"2207","苗栗縣",2022-05-15,8190
"2208","連江縣",2022-05-15,190
"2209","金門縣",2022-05-15,717
"2210","雲林縣",2022-05-15,7295
"2211","南投縣",2022-05-16,5529
"2212","高雄市",2022-05-16,48183
"2213","台中市",2022-05-16,59165
"2214","台北市",2022-05-16,153368
"2215","台南市",2022-05-16,27764
"2216","台東縣",2022-05-16,4565
"2217","嘉義市",2022-05-16,2971
"2218","嘉義縣",2022-05-16,4457
"2219","基隆市",2022-05-16,32167
"2220","宜蘭縣",2022-05-16,18997
"2221","屏東縣",2022-05-16,13420
"2222","彰化縣",2022-05-16,14257
"2223","新北市",2022-05-16,324689
"2224","新竹市",2022-05-16,10985
"2225","新竹縣",2022-05-16,18988
"2226","桃園市",2022-05-16,135863
"2227","澎湖縣",2022-05-16,1076
"2228","花蓮縣",2022-05-16,14933
"2229","苗栗縣",2022-05-16,9324
"2230","連江縣",2022-05-16,204
"2231","金門縣",2022-05-16,779
"2232","雲林縣",2022-05-16,8125
"2233","南投縣",2022-05-17,6282
"2234","高雄市",2022-05-17,55392
"2235","台中市",2022-05-17,64708
"2236","台北市",2022-05-17,164068
"2237","台南市",2022-05-17,31834
"2238","台東縣",2022-05-17,5208
"2239","嘉義市",2022-05-17,3398
"2240","嘉義縣",2022-05-17,5074
"2241","基隆市",2022-05-17,34763
"2242","宜蘭縣",2022-05-17,20903
"2243","屏東縣",2022-05-17,15316
"2244","彰化縣",2022-05-17,16070
"2245","新北市",2022-05-17,353131
"2246","新竹市",2022-05-17,12307
"2247","新竹縣",2022-05-17,21351
"2248","桃園市",2022-05-17,146017
"2249","澎湖縣",2022-05-17,1227
"2250","花蓮縣",2022-05-17,16170
"2251","苗栗縣",2022-05-17,10465
"2252","連江縣",2022-05-17,221
"2253","金門縣",2022-05-17,930
"2254","雲林縣",2022-05-17,9011
"2255","南投縣",2022-05-18,7115
"2256","高雄市",2022-05-18,62824
"2257","台中市",2022-05-18,69427
"2258","台北市",2022-05-18,174921
"2259","台南市",2022-05-18,36307
"2260","台東縣",2022-05-18,5843
"2261","嘉義市",2022-05-18,3851
"2262","嘉義縣",2022-05-18,5750
"2263","基隆市",2022-05-18,37163
"2264","宜蘭縣",2022-05-18,23064
"2265","屏東縣",2022-05-18,17303
"2266","彰化縣",2022-05-18,18252
"2267","新北市",2022-05-18,378732
"2268","新竹市",2022-05-18,14201
"2269","新竹縣",2022-05-18,24052
"2270","桃園市",2022-05-18,160026
"2271","澎湖縣",2022-05-18,1359
"2272","花蓮縣",2022-05-18,17453
"2273","苗栗縣",2022-05-18,11798
"2274","連江縣",2022-05-18,236
"2275","金門縣",2022-05-18,1055
"2276","雲林縣",2022-05-18,9977
"2277","南投縣",2022-05-19,7959
"2278","高雄市",2022-05-19,70073
"2279","台中市",2022-05-19,74342
"2280","台北市",2022-05-19,185302
"2281","台南市",2022-05-19,40420
"2282","台東縣",2022-05-19,6376
"2283","嘉義市",2022-05-19,4201
"2284","嘉義縣",2022-05-19,6406
"2285","基隆市",2022-05-19,39138
"2286","宜蘭縣",2022-05-19,25059
"2287","屏東縣",2022-05-19,19513
"2288","彰化縣",2022-05-19,20453
"2289","新北市",2022-05-19,402894
"2290","新竹市",2022-05-19,15919
"2291","新竹縣",2022-05-19,26775
"2292","桃園市",2022-05-19,171189
"2293","澎湖縣",2022-05-19,1499
"2294","花蓮縣",2022-05-19,18579
"2295","苗栗縣",2022-05-19,13044
"2296","連江縣",2022-05-19,259
"2297","金門縣",2022-05-19,1140
"2298","雲林縣",2022-05-19,10949
"2299","南投縣",2022-05-20,8795
"2300","高雄市",2022-05-20,77946
"2301","台中市",2022-05-20,81690
"2302","台北市",2022-05-20,195407
"2303","台南市",2022-05-20,44774
"2304","台東縣",2022-05-20,6895
"2305","嘉義市",2022-05-20,4791
"2306","嘉義縣",2022-05-20,7154
"2307","基隆市",2022-05-20,40757
"2308","宜蘭縣",2022-05-20,26800
"2309","屏東縣",2022-05-20,21708
"2310","彰化縣",2022-05-20,22907
"2311","新北市",2022-05-20,426166
"2312","新竹市",2022-05-20,17552
"2313","新竹縣",2022-05-20,29199
"2314","桃園市",2022-05-20,182201
"2315","澎湖縣",2022-05-20,1642
"2316","花蓮縣",2022-05-20,19746
"2317","苗栗縣",2022-05-20,14565
"2318","連江縣",2022-05-20,271
"2319","金門縣",2022-05-20,1277
"2320","雲林縣",2022-05-20,11924
"2321","南投縣",2022-05-21,9661
"2322","高雄市",2022-05-21,85174
"2323","台中市",2022-05-21,88438
"2324","台北市",2022-05-21,204500
"2325","台南市",2022-05-21,49494
"2326","台東縣",2022-05-21,7328
"2327","嘉義市",2022-05-21,5193
"2328","嘉義縣",2022-05-21,7765
"2329","基隆市",2022-05-21,42533
"2330","宜蘭縣",2022-05-21,28718
"2331","屏東縣",2022-05-21,23498
"2332","彰化縣",2022-05-21,24953
"2333","新北市",2022-05-21,447205
"2334","新竹市",2022-05-21,19215
"2335","新竹縣",2022-05-21,31537
"2336","桃園市",2022-05-21,193078
"2337","澎湖縣",2022-05-21,1769
"2338","花蓮縣",2022-05-21,20841
"2339","苗栗縣",2022-05-21,16064
"2340","連江縣",2022-05-21,329
"2341","金門縣",2022-05-21,1360
"2342","雲林縣",2022-05-21,12805
"2343","南投縣",2022-05-22,10302
"2344","高雄市",2022-05-22,92392
"2345","台中市",2022-05-22,94690
"2346","台北市",2022-05-22,211865
"2347","台南市",2022-05-22,53922
"2348","台東縣",2022-05-22,7880
"2349","嘉義市",2022-05-22,5518
"2350","嘉義縣",2022-05-22,8316
"2351","基隆市",2022-05-22,43984
"2352","宜蘭縣",2022-05-22,30110
"2353","屏東縣",2022-05-22,25327
"2354","彰化縣",2022-05-22,26929
"2355","新北市",2022-05-22,462806
"2356","新竹市",2022-05-22,20484
"2357","新竹縣",2022-05-22,33399
"2358","桃園市",2022-05-22,201762
"2359","澎湖縣",2022-05-22,1848
"2360","花蓮縣",2022-05-22,21852
"2361","苗栗縣",2022-05-22,17140
"2362","連江縣",2022-05-22,355
"2363","金門縣",2022-05-22,1475
"2364","雲林縣",2022-05-22,13434
"2365","南投縣",2022-05-23,11205
"2366","高雄市",2022-05-23,99046
"2367","台中市",2022-05-23,103125
"2368","台北市",2022-05-23,219032
"2369","台南市",2022-05-23,59255
"2370","台東縣",2022-05-23,8688
"2371","嘉義市",2022-05-23,6045
"2372","嘉義縣",2022-05-23,9107
"2373","基隆市",2022-05-23,45663
"2374","宜蘭縣",2022-05-23,31999
"2375","屏東縣",2022-05-23,27847
"2376","彰化縣",2022-05-23,30318
"2377","新北市",2022-05-23,476019
"2378","新竹市",2022-05-23,22043
"2379","新竹縣",2022-05-23,35549
"2380","桃園市",2022-05-23,211002
"2381","澎湖縣",2022-05-23,2005
"2382","花蓮縣",2022-05-23,22969
"2383","苗栗縣",2022-05-23,18728
"2384","連江縣",2022-05-23,386
"2385","金門縣",2022-05-23,1579
"2386","雲林縣",2022-05-23,14426
"2387","台北市",2022-05-24,219033
"2388","台東縣",2022-05-24,8689
