sitename,uvi,publishagency,county,wgs84lon,wgs84lat,publishtime
花蓮,0.16,中央氣象局,花蓮縣,"121,36,48","23,58,30","2022-05-24 17:00"
桃園,0,環境保護署,桃園市,"121,18,31","24,59,12","2022-05-24 17:00"
臺東,0.96,中央氣象局,臺東縣,"121,09,17","22,45,08","2022-05-24 17:00"
澎湖,0.64,中央氣象局,澎湖縣,"119,33,47","23,33,56","2022-05-24 17:00"
臺中,0.39,中央氣象局,臺中市,"120,41,03","24,08,45","2022-05-24 17:00"
阿里山,0,環境保護署,嘉義縣,"120,48,5","23,30,31","2022-05-24 17:00"
朴子,0,環境保護署,嘉義縣,"120,14,52","23,28,2","2022-05-24 17:00"
日月潭,0.33,中央氣象局,南投縣,"120,54,29","23,52,53","2022-05-24 17:00"
塔塔加,0.5,環境保護署,嘉義縣,"120,52,50","23,28,14","2022-05-24 17:00"
嘉義,0.60,中央氣象局,嘉義市,"120,25,58","23,29,45","2022-05-24 17:00"
宜蘭,0.22,中央氣象局,宜蘭縣,"121,45,24","24,45,50","2022-05-24 17:00"
金門,0.13,中央氣象局,金門縣,"118,17,21","24,24,26","2022-05-24 17:00"
玉山,0.93,中央氣象局,南投縣,"120,57,34","23,29,15","2022-05-24 17:00"
南投,0,環境保護署,南投縣,"120,41,7","23,54,47","2022-05-24 17:00"
苗栗,0,環境保護署,苗栗縣,"120,49,13","24,33,55","2022-05-24 17:00"
沙鹿,0,環境保護署,臺中市,"120,34,8","24,13,32","2022-05-24 17:00"
屏東,1,環境保護署,屏東縣,"120,29,17","22,40,23","2022-05-24 17:00"
彰化,0,環境保護署,彰化縣,"120,32,29","24,3,58","2022-05-24 17:00"
斗六,0,環境保護署,雲林縣,"120,32,42","23,42,43","2022-05-24 17:00"
橋頭,1,環境保護署,高雄市,"120,18,20","22,45,27","2022-05-24 17:00"
新營,1,環境保護署,臺南市,"120,19,2","23,18,20","2022-05-24 17:00"
淡水,0,環境保護署,新北市,"121,26,57","25,9,52","2022-05-24 17:00"
高雄,1.28,中央氣象局,高雄市,"120,18,45","22,43,50","2022-05-24 17:00"
馬祖,0.80,中央氣象局,連江縣,"119,55,24","26,10,09","2022-05-24 17:00"
板橋,0,環境保護署,新北市,"121,27,31","25,0,47","2022-05-24 17:00"
鞍部,0.30,中央氣象局,臺北市,"121,31,47","25,10,57","2022-05-24 17:00"
臺南,1.40,中央氣象局,臺南市,"120,12,17","22,59,36","2022-05-24 17:00"
新屋,0.22,中央氣象局,桃園市,"121,02,51","25,00,24","2022-05-24 17:00"
臺北,0.17,中央氣象局,臺北市,"121,30,53","25,02,16","2022-05-24 17:00"
基隆,0.28,中央氣象局,基隆市,"121,44,26","25,07,60","2022-05-24 17:00"
成功,0.22,中央氣象局,臺東縣,"121,22,24","23,05,51","2022-05-24 17:00"
蘭嶼,0.37,中央氣象局,臺東縣,"121,33,30","22,02,13","2022-05-24 17:00"
新竹,0.28,中央氣象局,新竹縣,"121,00,51","24,49,40","2022-05-24 17:00"
恆春,1.51,中央氣象局,屏東縣,"120,44,47","22,00,14","2022-05-24 17:00"
嘉義,1.32,中央氣象局,嘉義市,"120,25,58","23,29,45","2022-05-24 16:00"
高雄,2.53,中央氣象局,高雄市,"120,18,45","22,43,50","2022-05-24 16:00"
花蓮,0.21,中央氣象局,花蓮縣,"121,36,48","23,58,30","2022-05-24 16:00"
橋頭,1,環境保護署,高雄市,"120,18,20","22,45,27","2022-05-24 16:00"
基隆,0.33,中央氣象局,基隆市,"121,44,26","25,07,60","2022-05-24 16:00"
斗六,0,環境保護署,雲林縣,"120,32,42","23,42,43","2022-05-24 16:00"
板橋,0,環境保護署,新北市,"121,27,31","25,0,47","2022-05-24 16:00"
新屋,0.97,中央氣象局,桃園市,"121,02,51","25,00,24","2022-05-24 16:00"
蘭嶼,0.70,中央氣象局,臺東縣,"121,33,30","22,02,13","2022-05-24 16:00"
馬祖,1.82,中央氣象局,連江縣,"119,55,24","26,10,09","2022-05-24 16:00"
臺北,0.41,中央氣象局,臺北市,"121,30,53","25,02,16","2022-05-24 16:00"
臺南,3.38,中央氣象局,臺南市,"120,12,17","22,59,36","2022-05-24 16:00"
朴子,1,環境保護署,嘉義縣,"120,14,52","23,28,2","2022-05-24 16:00"
金門,0.69,中央氣象局,金門縣,"118,17,21","24,24,26","2022-05-24 16:00"
日月潭,0.27,中央氣象局,南投縣,"120,54,29","23,52,53","2022-05-24 16:00"
淡水,0,環境保護署,新北市,"121,26,57","25,9,52","2022-05-24 16:00"
彰化,1,環境保護署,彰化縣,"120,32,29","24,3,58","2022-05-24 16:00"
南投,0,環境保護署,南投縣,"120,41,7","23,54,47","2022-05-24 16:00"
新營,1,環境保護署,臺南市,"120,19,2","23,18,20","2022-05-24 16:00"
屏東,,環境保護署,屏東縣,"120,29,17","22,40,23","2022-05-24 16:00"
成功,0.18,中央氣象局,臺東縣,"121,22,24","23,05,51","2022-05-24 16:00"
塔塔加,0.6,環境保護署,嘉義縣,"120,52,50","23,28,14","2022-05-24 16:00"
鞍部,0.44,中央氣象局,臺北市,"121,31,47","25,10,57","2022-05-24 16:00"
玉山,0.64,中央氣象局,南投縣,"120,57,34","23,29,15","2022-05-24 16:00"
阿里山,0,環境保護署,嘉義縣,"120,48,5","23,30,31","2022-05-24 16:00"
臺東,0.85,中央氣象局,臺東縣,"121,09,17","22,45,08","2022-05-24 16:00"
臺中,1.07,中央氣象局,臺中市,"120,41,03","24,08,45","2022-05-24 16:00"
澎湖,1.25,中央氣象局,澎湖縣,"119,33,47","23,33,56","2022-05-24 16:00"
苗栗,1,環境保護署,苗栗縣,"120,49,13","24,33,55","2022-05-24 16:00"
新竹,0.73,中央氣象局,新竹縣,"121,00,51","24,49,40","2022-05-24 16:00"
宜蘭,0.57,中央氣象局,宜蘭縣,"121,45,24","24,45,50","2022-05-24 16:00"
桃園,0,環境保護署,桃園市,"121,18,31","24,59,12","2022-05-24 16:00"
恆春,3.44,中央氣象局,屏東縣,"120,44,47","22,00,14","2022-05-24 16:00"
沙鹿,1,環境保護署,臺中市,"120,34,8","24,13,32","2022-05-24 16:00"
斗六,0,環境保護署,雲林縣,"120,32,42","23,42,43","2022-05-24 15:00"
朴子,1,環境保護署,嘉義縣,"120,14,52","23,28,2","2022-05-24 15:00"
塔塔加,0.2,環境保護署,嘉義縣,"120,52,50","23,28,14","2022-05-24 15:00"
桃園,0,環境保護署,桃園市,"121,18,31","24,59,12","2022-05-24 15:00"
板橋,0,環境保護署,新北市,"121,27,31","25,0,47","2022-05-24 15:00"
臺南,2.26,中央氣象局,臺南市,"120,12,17","22,59,36","2022-05-24 15:00"
苗栗,1,環境保護署,苗栗縣,"120,49,13","24,33,55","2022-05-24 15:00"
淡水,0,環境保護署,新北市,"121,26,57","25,9,52","2022-05-24 15:00"
沙鹿,4,環境保護署,臺中市,"120,34,8","24,13,32","2022-05-24 15:00"
玉山,0.55,中央氣象局,南投縣,"120,57,34","23,29,15","2022-05-24 15:00"
高雄,3.41,中央氣象局,高雄市,"120,18,45","22,43,50","2022-05-24 15:00"
橋頭,3,環境保護署,高雄市,"120,18,20","22,45,27","2022-05-24 15:00"
馬祖,2.18,中央氣象局,連江縣,"119,55,24","26,10,09","2022-05-24 15:00"
嘉義,0.56,中央氣象局,嘉義市,"120,25,58","23,29,45","2022-05-24 15:00"
新營,1,環境保護署,臺南市,"120,19,2","23,18,20","2022-05-24 15:00"
澎湖,1.04,中央氣象局,澎湖縣,"119,33,47","23,33,56","2022-05-24 15:00"
新竹,1.59,中央氣象局,新竹縣,"121,00,51","24,49,40","2022-05-24 15:00"
彰化,3,環境保護署,彰化縣,"120,32,29","24,3,58","2022-05-24 15:00"
宜蘭,1.40,中央氣象局,宜蘭縣,"121,45,24","24,45,50","2022-05-24 15:00"
南投,1,環境保護署,南投縣,"120,41,7","23,54,47","2022-05-24 15:00"
花蓮,1.41,中央氣象局,花蓮縣,"121,36,48","23,58,30","2022-05-24 15:00"
阿里山,0,環境保護署,嘉義縣,"120,48,5","23,30,31","2022-05-24 15:00"
臺中,3.04,中央氣象局,臺中市,"120,41,03","24,08,45","2022-05-24 15:00"
屏東,3,環境保護署,屏東縣,"120,29,17","22,40,23","2022-05-24 15:00"
恆春,5.36,中央氣象局,屏東縣,"120,44,47","22,00,14","2022-05-24 15:00"
日月潭,0.65,中央氣象局,南投縣,"120,54,29","23,52,53","2022-05-24 15:00"
基隆,1.12,中央氣象局,基隆市,"121,44,26","25,07,60","2022-05-24 15:00"
臺北,0.46,中央氣象局,臺北市,"121,30,53","25,02,16","2022-05-24 15:00"
成功,1.74,中央氣象局,臺東縣,"121,22,24","23,05,51","2022-05-24 15:00"
蘭嶼,0.86,中央氣象局,臺東縣,"121,33,30","22,02,13","2022-05-24 15:00"
金門,0.16,中央氣象局,金門縣,"118,17,21","24,24,26","2022-05-24 15:00"
新屋,0.83,中央氣象局,桃園市,"121,02,51","25,00,24","2022-05-24 15:00"
臺東,2.27,中央氣象局,臺東縣,"121,09,17","22,45,08","2022-05-24 15:00"
鞍部,1.60,中央氣象局,臺北市,"121,31,47","25,10,57","2022-05-24 15:00"
沙鹿,6,環境保護署,臺中市,"120,34,8","24,13,32","2022-05-24 14:00"
斗六,2,環境保護署,雲林縣,"120,32,42","23,42,43","2022-05-24 14:00"
日月潭,1.73,中央氣象局,南投縣,"120,54,29","23,52,53","2022-05-24 14:00"
屏東,2,環境保護署,屏東縣,"120,29,17","22,40,23","2022-05-24 14:00"
宜蘭,3.70,中央氣象局,宜蘭縣,"121,45,24","24,45,50","2022-05-24 14:00"
桃園,1,環境保護署,桃園市,"121,18,31","24,59,12","2022-05-24 14:00"
金門,1.57,中央氣象局,金門縣,"118,17,21","24,24,26","2022-05-24 14:00"
澎湖,1.61,中央氣象局,澎湖縣,"119,33,47","23,33,56","2022-05-24 14:00"
花蓮,1.44,中央氣象局,花蓮縣,"121,36,48","23,58,30","2022-05-24 14:00"
馬祖,1.60,中央氣象局,連江縣,"119,55,24","26,10,09","2022-05-24 14:00"
朴子,0,環境保護署,嘉義縣,"120,14,52","23,28,2","2022-05-24 14:00"
蘭嶼,0.91,中央氣象局,臺東縣,"121,33,30","22,02,13","2022-05-24 14:00"
恆春,5.38,中央氣象局,屏東縣,"120,44,47","22,00,14","2022-05-24 14:00"
板橋,1,環境保護署,新北市,"121,27,31","25,0,47","2022-05-24 14:00"
苗栗,2,環境保護署,苗栗縣,"120,49,13","24,33,55","2022-05-24 14:00"
淡水,1,環境保護署,新北市,"121,26,57","25,9,52","2022-05-24 14:00"
新營,0,環境保護署,臺南市,"120,19,2","23,18,20","2022-05-24 14:00"
塔塔加,2,環境保護署,嘉義縣,"120,52,50","23,28,14","2022-05-24 14:00"
玉山,6.06,中央氣象局,南投縣,"120,57,34","23,29,15","2022-05-24 14:00"
阿里山,1,環境保護署,嘉義縣,"120,48,5","23,30,31","2022-05-24 14:00"
新竹,2.82,中央氣象局,新竹縣,"121,00,51","24,49,40","2022-05-24 14:00"
臺南,4.61,中央氣象局,臺南市,"120,12,17","22,59,36","2022-05-24 14:00"
高雄,5.27,中央氣象局,高雄市,"120,18,45","22,43,50","2022-05-24 14:00"
基隆,2.14,中央氣象局,基隆市,"121,44,26","25,07,60","2022-05-24 14:00"
臺中,3.67,中央氣象局,臺中市,"120,41,03","24,08,45","2022-05-24 14:00"
成功,2.48,中央氣象局,臺東縣,"121,22,24","23,05,51","2022-05-24 14:00"
南投,5,環境保護署,南投縣,"120,41,7","23,54,47","2022-05-24 14:00"
彰化,5,環境保護署,彰化縣,"120,32,29","24,3,58","2022-05-24 14:00"
臺北,1.10,中央氣象局,臺北市,"121,30,53","25,02,16","2022-05-24 14:00"
新屋,2.50,中央氣象局,桃園市,"121,02,51","25,00,24","2022-05-24 14:00"
橋頭,4,環境保護署,高雄市,"120,18,20","22,45,27","2022-05-24 14:00"
鞍部,1.29,中央氣象局,臺北市,"121,31,47","25,10,57","2022-05-24 14:00"
嘉義,0.65,中央氣象局,嘉義市,"120,25,58","23,29,45","2022-05-24 14:00"
臺東,4.99,中央氣象局,臺東縣,"121,09,17","22,45,08","2022-05-24 14:00"
阿里山,4,環境保護署,嘉義縣,"120,48,5","23,30,31","2022-05-24 13:00"
臺北,2.00,中央氣象局,臺北市,"121,30,53","25,02,16","2022-05-24 13:00"
花蓮,2.44,中央氣象局,花蓮縣,"121,36,48","23,58,30","2022-05-24 13:00"
嘉義,4.73,中央氣象局,嘉義市,"120,25,58","23,29,45","2022-05-24 13:00"
玉山,6.67,中央氣象局,南投縣,"120,57,34","23,29,15","2022-05-24 13:00"
成功,4.12,中央氣象局,臺東縣,"121,22,24","23,05,51","2022-05-24 13:00"
金門,3.11,中央氣象局,金門縣,"118,17,21","24,24,26","2022-05-24 13:00"
橋頭,2,環境保護署,高雄市,"120,18,20","22,45,27","2022-05-24 13:00"
基隆,4.63,中央氣象局,基隆市,"121,44,26","25,07,60","2022-05-24 13:00"
宜蘭,7.45,中央氣象局,宜蘭縣,"121,45,24","24,45,50","2022-05-24 13:00"
塔塔加,4.2,環境保護署,嘉義縣,"120,52,50","23,28,14","2022-05-24 13:00"
澎湖,6.24,中央氣象局,澎湖縣,"119,33,47","23,33,56","2022-05-24 13:00"
恆春,6.75,中央氣象局,屏東縣,"120,44,47","22,00,14","2022-05-24 13:00"
臺中,5.20,中央氣象局,臺中市,"120,41,03","24,08,45","2022-05-24 13:00"
蘭嶼,0.60,中央氣象局,臺東縣,"121,33,30","22,02,13","2022-05-24 13:00"
臺東,5.41,中央氣象局,臺東縣,"121,09,17","22,45,08","2022-05-24 13:00"
日月潭,2.78,中央氣象局,南投縣,"120,54,29","23,52,53","2022-05-24 13:00"
馬祖,1.64,中央氣象局,連江縣,"119,55,24","26,10,09","2022-05-24 13:00"
高雄,4.06,中央氣象局,高雄市,"120,18,45","22,43,50","2022-05-24 13:00"
鞍部,1.80,中央氣象局,臺北市,"121,31,47","25,10,57","2022-05-24 13:00"
屏東,3,環境保護署,屏東縣,"120,29,17","22,40,23","2022-05-24 13:00"
新屋,2.84,中央氣象局,桃園市,"121,02,51","25,00,24","2022-05-24 13:00"
朴子,2,環境保護署,嘉義縣,"120,14,52","23,28,2","2022-05-24 13:00"
淡水,1,環境保護署,新北市,"121,26,57","25,9,52","2022-05-24 13:00"
斗六,7,環境保護署,雲林縣,"120,32,42","23,42,43","2022-05-24 13:00"
板橋,1,環境保護署,新北市,"121,27,31","25,0,47","2022-05-24 13:00"
沙鹿,5,環境保護署,臺中市,"120,34,8","24,13,32","2022-05-24 13:00"
臺南,1.51,中央氣象局,臺南市,"120,12,17","22,59,36","2022-05-24 13:00"
桃園,2,環境保護署,桃園市,"121,18,31","24,59,12","2022-05-24 13:00"
南投,5,環境保護署,南投縣,"120,41,7","23,54,47","2022-05-24 13:00"
彰化,7,環境保護署,彰化縣,"120,32,29","24,3,58","2022-05-24 13:00"
新竹,2.10,中央氣象局,新竹縣,"121,00,51","24,49,40","2022-05-24 13:00"
苗栗,3,環境保護署,苗栗縣,"120,49,13","24,33,55","2022-05-24 13:00"
新營,1,環境保護署,臺南市,"120,19,2","23,18,20","2022-05-24 13:00"
成功,1.70,中央氣象局,臺東縣,"121,22,24","23,05,51","2022-05-24 12:00"
桃園,3,環境保護署,桃園市,"121,18,31","24,59,12","2022-05-24 12:00"
板橋,2,環境保護署,新北市,"121,27,31","25,0,47","2022-05-24 12:00"
恆春,6.82,中央氣象局,屏東縣,"120,44,47","22,00,14","2022-05-24 12:00"
金門,4.45,中央氣象局,金門縣,"118,17,21","24,24,26","2022-05-24 12:00"
阿里山,2,環境保護署,嘉義縣,"120,48,5","23,30,31","2022-05-24 12:00"
斗六,5,環境保護署,雲林縣,"120,32,42","23,42,43","2022-05-24 12:00"
花蓮,3.31,中央氣象局,花蓮縣,"121,36,48","23,58,30","2022-05-24 12:00"
日月潭,2.59,中央氣象局,南投縣,"120,54,29","23,52,53","2022-05-24 12:00"
塔塔加,3.4,環境保護署,嘉義縣,"120,52,50","23,28,14","2022-05-24 12:00"
蘭嶼,0.92,中央氣象局,臺東縣,"121,33,30","22,02,13","2022-05-24 12:00"
朴子,4,環境保護署,嘉義縣,"120,14,52","23,28,2","2022-05-24 12:00"
嘉義,3.23,中央氣象局,嘉義市,"120,25,58","23,29,45","2022-05-24 12:00"
新竹,3.01,中央氣象局,新竹縣,"121,00,51","24,49,40","2022-05-24 12:00"
臺東,9.37,中央氣象局,臺東縣,"121,09,17","22,45,08","2022-05-24 12:00"
鞍部,3.11,中央氣象局,臺北市,"121,31,47","25,10,57","2022-05-24 12:00"
澎湖,9.89,中央氣象局,澎湖縣,"119,33,47","23,33,56","2022-05-24 12:00"
屏東,8,環境保護署,屏東縣,"120,29,17","22,40,23","2022-05-24 12:00"
宜蘭,8.56,中央氣象局,宜蘭縣,"121,45,24","24,45,50","2022-05-24 12:00"
苗栗,4,環境保護署,苗栗縣,"120,49,13","24,33,55","2022-05-24 12:00"
基隆,5.51,中央氣象局,基隆市,"121,44,26","25,07,60","2022-05-24 12:00"
新屋,4.03,中央氣象局,桃園市,"121,02,51","25,00,24","2022-05-24 12:00"
淡水,2,環境保護署,新北市,"121,26,57","25,9,52","2022-05-24 12:00"
新營,5,環境保護署,臺南市,"120,19,2","23,18,20","2022-05-24 12:00"
高雄,6.95,中央氣象局,高雄市,"120,18,45","22,43,50","2022-05-24 12:00"
玉山,7.64,中央氣象局,南投縣,"120,57,34","23,29,15","2022-05-24 12:00"
臺南,4.17,中央氣象局,臺南市,"120,12,17","22,59,36","2022-05-24 12:00"
沙鹿,4,環境保護署,臺中市,"120,34,8","24,13,32","2022-05-24 12:00"
彰化,4,環境保護署,彰化縣,"120,32,29","24,3,58","2022-05-24 12:00"
臺中,5.78,中央氣象局,臺中市,"120,41,03","24,08,45","2022-05-24 12:00"
橋頭,6,環境保護署,高雄市,"120,18,20","22,45,27","2022-05-24 12:00"
臺北,3.03,中央氣象局,臺北市,"121,30,53","25,02,16","2022-05-24 12:00"
馬祖,1.57,中央氣象局,連江縣,"119,55,24","26,10,09","2022-05-24 12:00"
南投,4,環境保護署,南投縣,"120,41,7","23,54,47","2022-05-24 12:00"
斗六,5,環境保護署,雲林縣,"120,32,42","23,42,43","2022-05-24 11:00"
花蓮,4.14,中央氣象局,花蓮縣,"121,36,48","23,58,30","2022-05-24 11:00"
苗栗,6,環境保護署,苗栗縣,"120,49,13","24,33,55","2022-05-24 11:00"
桃園,2,環境保護署,桃園市,"121,18,31","24,59,12","2022-05-24 11:00"
彰化,6,環境保護署,彰化縣,"120,32,29","24,3,58","2022-05-24 11:00"
嘉義,3.19,中央氣象局,嘉義市,"120,25,58","23,29,45","2022-05-24 11:00"
阿里山,3,環境保護署,嘉義縣,"120,48,5","23,30,31","2022-05-24 11:00"
日月潭,3.38,中央氣象局,南投縣,"120,54,29","23,52,53","2022-05-24 11:00"
新營,1,環境保護署,臺南市,"120,19,2","23,18,20","2022-05-24 11:00"
沙鹿,5,環境保護署,臺中市,"120,34,8","24,13,32","2022-05-24 11:00"
南投,5,環境保護署,南投縣,"120,41,7","23,54,47","2022-05-24 11:00"
屏東,6,環境保護署,屏東縣,"120,29,17","22,40,23","2022-05-24 11:00"
宜蘭,7.83,中央氣象局,宜蘭縣,"121,45,24","24,45,50","2022-05-24 11:00"
澎湖,9.06,中央氣象局,澎湖縣,"119,33,47","23,33,56","2022-05-24 11:00"
板橋,2,環境保護署,新北市,"121,27,31","25,0,47","2022-05-24 11:00"
馬祖,1.86,中央氣象局,連江縣,"119,55,24","26,10,09","2022-05-24 11:00"
橋頭,3,環境保護署,高雄市,"120,18,20","22,45,27","2022-05-24 11:00"
臺中,4.28,中央氣象局,臺中市,"120,41,03","24,08,45","2022-05-24 11:00"
淡水,3,環境保護署,新北市,"121,26,57","25,9,52","2022-05-24 11:00"
金門,3.91,中央氣象局,金門縣,"118,17,21","24,24,26","2022-05-24 11:00"
塔塔加,2.9,環境保護署,嘉義縣,"120,52,50","23,28,14","2022-05-24 11:00"
朴子,2,環境保護署,嘉義縣,"120,14,52","23,28,2","2022-05-24 11:00"
蘭嶼,0.50,中央氣象局,臺東縣,"121,33,30","22,02,13","2022-05-24 11:00"
高雄,3.62,中央氣象局,高雄市,"120,18,45","22,43,50","2022-05-24 11:00"
鞍部,4.22,中央氣象局,臺北市,"121,31,47","25,10,57","2022-05-24 11:00"
成功,2.84,中央氣象局,臺東縣,"121,22,24","23,05,51","2022-05-24 11:00"
新屋,5.06,中央氣象局,桃園市,"121,02,51","25,00,24","2022-05-24 11:00"
臺東,10.61,中央氣象局,臺東縣,"121,09,17","22,45,08","2022-05-24 11:00"
新竹,2.97,中央氣象局,新竹縣,"121,00,51","24,49,40","2022-05-24 11:00"
恆春,3.31,中央氣象局,屏東縣,"120,44,47","22,00,14","2022-05-24 11:00"
臺南,4.45,中央氣象局,臺南市,"120,12,17","22,59,36","2022-05-24 11:00"
基隆,3.91,中央氣象局,基隆市,"121,44,26","25,07,60","2022-05-24 11:00"
臺北,2.96,中央氣象局,臺北市,"121,30,53","25,02,16","2022-05-24 11:00"
玉山,6.89,中央氣象局,南投縣,"120,57,34","23,29,15","2022-05-24 11:00"
宜蘭,6.71,中央氣象局,宜蘭縣,"121,45,24","24,45,50","2022-05-24 10:00"
高雄,3.01,中央氣象局,高雄市,"120,18,45","22,43,50","2022-05-24 10:00"
臺南,0.91,中央氣象局,臺南市,"120,12,17","22,59,36","2022-05-24 10:00"
新竹,2.27,中央氣象局,新竹縣,"121,00,51","24,49,40","2022-05-24 10:00"
蘭嶼,1.11,中央氣象局,臺東縣,"121,33,30","22,02,13","2022-05-24 10:00"
屏東,5,環境保護署,屏東縣,"120,29,17","22,40,23","2022-05-24 10:00"
桃園,2,環境保護署,桃園市,"121,18,31","24,59,12","2022-05-24 10:00"
馬祖,2.25,中央氣象局,連江縣,"119,55,24","26,10,09","2022-05-24 10:00"
橋頭,2,環境保護署,高雄市,"120,18,20","22,45,27","2022-05-24 10:00"
板橋,2,環境保護署,新北市,"121,27,31","25,0,47","2022-05-24 10:00"
花蓮,2.86,中央氣象局,花蓮縣,"121,36,48","23,58,30","2022-05-24 10:00"
鞍部,3.23,中央氣象局,臺北市,"121,31,47","25,10,57","2022-05-24 10:00"
新屋,4.58,中央氣象局,桃園市,"121,02,51","25,00,24","2022-05-24 10:00"
臺中,4.09,中央氣象局,臺中市,"120,41,03","24,08,45","2022-05-24 10:00"
苗栗,2,環境保護署,苗栗縣,"120,49,13","24,33,55","2022-05-24 10:00"
新營,2,環境保護署,臺南市,"120,19,2","23,18,20","2022-05-24 10:00"
臺東,5.37,中央氣象局,臺東縣,"121,09,17","22,45,08","2022-05-24 10:00"
沙鹿,5,環境保護署,臺中市,"120,34,8","24,13,32","2022-05-24 10:00"
基隆,1.45,中央氣象局,基隆市,"121,44,26","25,07,60","2022-05-24 10:00"
玉山,7.98,中央氣象局,南投縣,"120,57,34","23,29,15","2022-05-24 10:00"
成功,3.44,中央氣象局,臺東縣,"121,22,24","23,05,51","2022-05-24 10:00"
澎湖,4.02,中央氣象局,澎湖縣,"119,33,47","23,33,56","2022-05-24 10:00"
彰化,4,環境保護署,彰化縣,"120,32,29","24,3,58","2022-05-24 10:00"
斗六,6,環境保護署,雲林縣,"120,32,42","23,42,43","2022-05-24 10:00"
南投,5,環境保護署,南投縣,"120,41,7","23,54,47","2022-05-24 10:00"
阿里山,2,環境保護署,嘉義縣,"120,48,5","23,30,31","2022-05-24 10:00"
日月潭,4.08,中央氣象局,南投縣,"120,54,29","23,52,53","2022-05-24 10:00"
淡水,1,環境保護署,新北市,"121,26,57","25,9,52","2022-05-24 10:00"
塔塔加,3.3,環境保護署,嘉義縣,"120,52,50","23,28,14","2022-05-24 10:00"
嘉義,4.91,中央氣象局,嘉義市,"120,25,58","23,29,45","2022-05-24 10:00"
金門,2.36,中央氣象局,金門縣,"118,17,21","24,24,26","2022-05-24 10:00"
恆春,5.42,中央氣象局,屏東縣,"120,44,47","22,00,14","2022-05-24 10:00"
臺北,3.42,中央氣象局,臺北市,"121,30,53","25,02,16","2022-05-24 10:00"
朴子,4,環境保護署,嘉義縣,"120,14,52","23,28,2","2022-05-24 10:00"
臺東,3.45,中央氣象局,臺東縣,"121,09,17","22,45,08","2022-05-24 09:00"
臺北,1.66,中央氣象局,臺北市,"121,30,53","25,02,16","2022-05-24 09:00"
成功,2.83,中央氣象局,臺東縣,"121,22,24","23,05,51","2022-05-24 09:00"
玉山,3.62,中央氣象局,南投縣,"120,57,34","23,29,15","2022-05-24 09:00"
澎湖,2.81,中央氣象局,澎湖縣,"119,33,47","23,33,56","2022-05-24 09:00"
新竹,2.39,中央氣象局,新竹縣,"121,00,51","24,49,40","2022-05-24 09:00"
金門,1.31,中央氣象局,金門縣,"118,17,21","24,24,26","2022-05-24 09:00"
宜蘭,4.65,中央氣象局,宜蘭縣,"121,45,24","24,45,50","2022-05-24 09:00"
恆春,4.43,中央氣象局,屏東縣,"120,44,47","22,00,14","2022-05-24 09:00"
嘉義,3.46,中央氣象局,嘉義市,"120,25,58","23,29,45","2022-05-24 09:00"
高雄,2.88,中央氣象局,高雄市,"120,18,45","22,43,50","2022-05-24 09:00"
基隆,1.32,中央氣象局,基隆市,"121,44,26","25,07,60","2022-05-24 09:00"
日月潭,4.16,中央氣象局,南投縣,"120,54,29","23,52,53","2022-05-24 09:00"
花蓮,3.22,中央氣象局,花蓮縣,"121,36,48","23,58,30","2022-05-24 09:00"
馬祖,1.56,中央氣象局,連江縣,"119,55,24","26,10,09","2022-05-24 09:00"
臺南,0.83,中央氣象局,臺南市,"120,12,17","22,59,36","2022-05-24 09:00"
新屋,2.78,中央氣象局,桃園市,"121,02,51","25,00,24","2022-05-24 09:00"
臺中,3.32,中央氣象局,臺中市,"120,41,03","24,08,45","2022-05-24 09:00"
蘭嶼,3.29,中央氣象局,臺東縣,"121,33,30","22,02,13","2022-05-24 09:00"
鞍部,2.59,中央氣象局,臺北市,"121,31,47","25,10,57","2022-05-24 09:00"
朴子,3,環境保護署,嘉義縣,"120,14,52","23,28,2","2022-05-24 09:00"
阿里山,2,環境保護署,嘉義縣,"120,48,5","23,30,31","2022-05-24 09:00"
彰化,3,環境保護署,彰化縣,"120,32,29","24,3,58","2022-05-24 09:00"
新營,3,環境保護署,臺南市,"120,19,2","23,18,20","2022-05-24 09:00"
沙鹿,3,環境保護署,臺中市,"120,34,8","24,13,32","2022-05-24 09:00"
斗六,4,環境保護署,雲林縣,"120,32,42","23,42,43","2022-05-24 09:00"
南投,3,環境保護署,南投縣,"120,41,7","23,54,47","2022-05-24 09:00"
橋頭,2,環境保護署,高雄市,"120,18,20","22,45,27","2022-05-24 09:00"
塔塔加,2.8,環境保護署,嘉義縣,"120,52,50","23,28,14","2022-05-24 09:00"
板橋,1,環境保護署,新北市,"121,27,31","25,0,47","2022-05-24 09:00"
淡水,1,環境保護署,新北市,"121,26,57","25,9,52","2022-05-24 09:00"
苗栗,2,環境保護署,苗栗縣,"120,49,13","24,33,55","2022-05-24 09:00"
屏東,3,環境保護署,屏東縣,"120,29,17","22,40,23","2022-05-24 09:00"
桃園,1,環境保護署,桃園市,"121,18,31","24,59,12","2022-05-24 09:00"
嘉義,1.83,中央氣象局,嘉義市,"120,25,58","23,29,45","2022-05-24 08:00"
玉山,1.55,中央氣象局,南投縣,"120,57,34","23,29,15","2022-05-24 08:00"
板橋,0,環境保護署,新北市,"121,27,31","25,0,47","2022-05-24 08:00"
蘭嶼,2.29,中央氣象局,臺東縣,"121,33,30","22,02,13","2022-05-24 08:00"
鞍部,1.27,中央氣象局,臺北市,"121,31,47","25,10,57","2022-05-24 08:00"
淡水,0,環境保護署,新北市,"121,26,57","25,9,52","2022-05-24 08:00"
恆春,1.84,中央氣象局,屏東縣,"120,44,47","22,00,14","2022-05-24 08:00"
桃園,0,環境保護署,桃園市,"121,18,31","24,59,12","2022-05-24 08:00"
新營,1,環境保護署,臺南市,"120,19,2","23,18,20","2022-05-24 08:00"
臺南,1.33,中央氣象局,臺南市,"120,12,17","22,59,36","2022-05-24 08:00"
新屋,0.64,中央氣象局,桃園市,"121,02,51","25,00,24","2022-05-24 08:00"
金門,0.98,中央氣象局,金門縣,"118,17,21","24,24,26","2022-05-24 08:00"
南投,1,環境保護署,南投縣,"120,41,7","23,54,47","2022-05-24 08:00"
苗栗,1,環境保護署,苗栗縣,"120,49,13","24,33,55","2022-05-24 08:00"
新竹,0.63,中央氣象局,新竹縣,"121,00,51","24,49,40","2022-05-24 08:00"
臺東,0.82,中央氣象局,臺東縣,"121,09,17","22,45,08","2022-05-24 08:00"
花蓮,1.17,中央氣象局,花蓮縣,"121,36,48","23,58,30","2022-05-24 08:00"
基隆,0.38,中央氣象局,基隆市,"121,44,26","25,07,60","2022-05-24 08:00"
臺中,1.40,中央氣象局,臺中市,"120,41,03","24,08,45","2022-05-24 08:00"
屏東,1,環境保護署,屏東縣,"120,29,17","22,40,23","2022-05-24 08:00"
沙鹿,1,環境保護署,臺中市,"120,34,8","24,13,32","2022-05-24 08:00"
日月潭,2.00,中央氣象局,南投縣,"120,54,29","23,52,53","2022-05-24 08:00"
馬祖,0.70,中央氣象局,連江縣,"119,55,24","26,10,09","2022-05-24 08:00"
橋頭,0,環境保護署,高雄市,"120,18,20","22,45,27","2022-05-24 08:00"
宜蘭,1.34,中央氣象局,宜蘭縣,"121,45,24","24,45,50","2022-05-24 08:00"
成功,1.24,中央氣象局,臺東縣,"121,22,24","23,05,51","2022-05-24 08:00"
臺北,0.76,中央氣象局,臺北市,"121,30,53","25,02,16","2022-05-24 08:00"
澎湖,1.57,中央氣象局,澎湖縣,"119,33,47","23,33,56","2022-05-24 08:00"
斗六,1,環境保護署,雲林縣,"120,32,42","23,42,43","2022-05-24 08:00"
朴子,1,環境保護署,嘉義縣,"120,14,52","23,28,2","2022-05-24 08:00"
彰化,1,環境保護署,彰化縣,"120,32,29","24,3,58","2022-05-24 08:00"
高雄,1.06,中央氣象局,高雄市,"120,18,45","22,43,50","2022-05-24 08:00"
阿里山,1,環境保護署,嘉義縣,"120,48,5","23,30,31","2022-05-24 08:00"
塔塔加,1.1,環境保護署,嘉義縣,"120,52,50","23,28,14","2022-05-24 08:00"
馬祖,0.19,中央氣象局,連江縣,"119,55,24","26,10,09","2022-05-24 07:00"
成功,0.31,中央氣象局,臺東縣,"121,22,24","23,05,51","2022-05-24 07:00"
花蓮,0.20,中央氣象局,花蓮縣,"121,36,48","23,58,30","2022-05-24 07:00"
澎湖,0.35,中央氣象局,澎湖縣,"119,33,47","23,33,56","2022-05-24 07:00"
臺南,0.43,中央氣象局,臺南市,"120,12,17","22,59,36","2022-05-24 07:00"
高雄,0.40,中央氣象局,高雄市,"120,18,45","22,43,50","2022-05-24 07:00"
日月潭,0.46,中央氣象局,南投縣,"120,54,29","23,52,53","2022-05-24 07:00"
新屋,0.14,中央氣象局,桃園市,"121,02,51","25,00,24","2022-05-24 07:00"
玉山,0.49,中央氣象局,南投縣,"120,57,34","23,29,15","2022-05-24 07:00"
鞍部,0.28,中央氣象局,臺北市,"121,31,47","25,10,57","2022-05-24 07:00"
臺中,0.40,中央氣象局,臺中市,"120,41,03","24,08,45","2022-05-24 07:00"
基隆,0.08,中央氣象局,基隆市,"121,44,26","25,07,60","2022-05-24 07:00"
蘭嶼,0.58,中央氣象局,臺東縣,"121,33,30","22,02,13","2022-05-24 07:00"
金門,0.27,中央氣象局,金門縣,"118,17,21","24,24,26","2022-05-24 07:00"
新竹,0.22,中央氣象局,新竹縣,"121,00,51","24,49,40","2022-05-24 07:00"
宜蘭,0.25,中央氣象局,宜蘭縣,"121,45,24","24,45,50","2022-05-24 07:00"
恆春,0.37,中央氣象局,屏東縣,"120,44,47","22,00,14","2022-05-24 07:00"
臺東,0.28,中央氣象局,臺東縣,"121,09,17","22,45,08","2022-05-24 07:00"
臺北,0.19,中央氣象局,臺北市,"121,30,53","25,02,16","2022-05-24 07:00"
南投,0,環境保護署,南投縣,"120,41,7","23,54,47","2022-05-24 07:00"
淡水,0,環境保護署,新北市,"121,26,57","25,9,52","2022-05-24 07:00"
彰化,0,環境保護署,彰化縣,"120,32,29","24,3,58","2022-05-24 07:00"
桃園,0,環境保護署,桃園市,"121,18,31","24,59,12","2022-05-24 07:00"
苗栗,0,環境保護署,苗栗縣,"120,49,13","24,33,55","2022-05-24 07:00"
嘉義,0.46,中央氣象局,嘉義市,"120,25,58","23,29,45","2022-05-24 07:00"
橋頭,0,環境保護署,高雄市,"120,18,20","22,45,27","2022-05-24 07:00"
屏東,0,環境保護署,屏東縣,"120,29,17","22,40,23","2022-05-24 07:00"
朴子,0,環境保護署,嘉義縣,"120,14,52","23,28,2","2022-05-24 07:00"
板橋,0,環境保護署,新北市,"121,27,31","25,0,47","2022-05-24 07:00"
斗六,0,環境保護署,雲林縣,"120,32,42","23,42,43","2022-05-24 07:00"
塔塔加,0.2,環境保護署,嘉義縣,"120,52,50","23,28,14","2022-05-24 07:00"
阿里山,0,環境保護署,嘉義縣,"120,48,5","23,30,31","2022-05-24 07:00"
沙鹿,0,環境保護署,臺中市,"120,34,8","24,13,32","2022-05-24 07:00"
新營,0,環境保護署,臺南市,"120,19,2","23,18,20","2022-05-24 07:00"
新營,0,環境保護署,臺南市,"120,19,2","23,18,20","2022-05-24 06:00"
板橋,0,環境保護署,新北市,"121,27,31","25,0,47","2022-05-24 06:00"
基隆,0.01,中央氣象局,基隆市,"121,44,26","25,07,60","2022-05-24 06:00"
金門,0.01,中央氣象局,金門縣,"118,17,21","24,24,26","2022-05-24 06:00"
南投,0,環境保護署,南投縣,"120,41,7","23,54,47","2022-05-24 06:00"
阿里山,0,環境保護署,嘉義縣,"120,48,5","23,30,31","2022-05-24 06:00"
苗栗,0,環境保護署,苗栗縣,"120,49,13","24,33,55","2022-05-24 06:00"
花蓮,0.02,中央氣象局,花蓮縣,"121,36,48","23,58,30","2022-05-24 06:00"
彰化,0,環境保護署,彰化縣,"120,32,29","24,3,58","2022-05-24 06:00"
高雄,0.04,中央氣象局,高雄市,"120,18,45","22,43,50","2022-05-24 06:00"
臺東,0.02,中央氣象局,臺東縣,"121,09,17","22,45,08","2022-05-24 06:00"
朴子,0,環境保護署,嘉義縣,"120,14,52","23,28,2","2022-05-24 06:00"
橋頭,0,環境保護署,高雄市,"120,18,20","22,45,27","2022-05-24 06:00"
臺南,0.03,中央氣象局,臺南市,"120,12,17","22,59,36","2022-05-24 06:00"
沙鹿,0,環境保護署,臺中市,"120,34,8","24,13,32","2022-05-24 06:00"
塔塔加,0,環境保護署,嘉義縣,"120,52,50","23,28,14","2022-05-24 06:00"
玉山,0.05,中央氣象局,南投縣,"120,57,34","23,29,15","2022-05-24 06:00"
斗六,0,環境保護署,雲林縣,"120,32,42","23,42,43","2022-05-24 06:00"
恆春,0.02,中央氣象局,屏東縣,"120,44,47","22,00,14","2022-05-24 06:00"
鞍部,0.05,中央氣象局,臺北市,"121,31,47","25,10,57","2022-05-24 06:00"
馬祖,0.01,中央氣象局,連江縣,"119,55,24","26,10,09","2022-05-24 06:00"
桃園,0,環境保護署,桃園市,"121,18,31","24,59,12","2022-05-24 06:00"
宜蘭,0.04,中央氣象局,宜蘭縣,"121,45,24","24,45,50","2022-05-24 06:00"
淡水,0,環境保護署,新北市,"121,26,57","25,9,52","2022-05-24 06:00"
蘭嶼,0.05,中央氣象局,臺東縣,"121,33,30","22,02,13","2022-05-24 06:00"
臺北,0.02,中央氣象局,臺北市,"121,30,53","25,02,16","2022-05-24 06:00"
澎湖,0.04,中央氣象局,澎湖縣,"119,33,47","23,33,56","2022-05-24 06:00"
成功,0.02,中央氣象局,臺東縣,"121,22,24","23,05,51","2022-05-24 06:00"
新竹,0.02,中央氣象局,新竹縣,"121,00,51","24,49,40","2022-05-24 06:00"
日月潭,0.04,中央氣象局,南投縣,"120,54,29","23,52,53","2022-05-24 06:00"
臺中,0.03,中央氣象局,臺中市,"120,41,03","24,08,45","2022-05-24 06:00"
新屋,0.01,中央氣象局,桃園市,"121,02,51","25,00,24","2022-05-24 06:00"
屏東,0,環境保護署,屏東縣,"120,29,17","22,40,23","2022-05-24 06:00"
嘉義,0.05,中央氣象局,嘉義市,"120,25,58","23,29,45","2022-05-24 06:00"
新屋,0.00,中央氣象局,桃園市,"121,02,51","25,00,24","2022-05-24 05:00"
新竹,0.01,中央氣象局,新竹縣,"121,00,51","24,49,40","2022-05-24 05:00"
蘭嶼,0.00,中央氣象局,臺東縣,"121,33,30","22,02,13","2022-05-24 05:00"
鞍部,0.00,中央氣象局,臺北市,"121,31,47","25,10,57","2022-05-24 05:00"
澎湖,0.00,中央氣象局,澎湖縣,"119,33,47","23,33,56","2022-05-24 05:00"
花蓮,0.00,中央氣象局,花蓮縣,"121,36,48","23,58,30","2022-05-24 05:00"
臺南,0.00,中央氣象局,臺南市,"120,12,17","22,59,36","2022-05-24 05:00"
基隆,0.00,中央氣象局,基隆市,"121,44,26","25,07,60","2022-05-24 05:00"
玉山,0.00,中央氣象局,南投縣,"120,57,34","23,29,15","2022-05-24 05:00"
臺北,0.00,中央氣象局,臺北市,"121,30,53","25,02,16","2022-05-24 05:00"
恆春,0.00,中央氣象局,屏東縣,"120,44,47","22,00,14","2022-05-24 05:00"
臺東,0.00,中央氣象局,臺東縣,"121,09,17","22,45,08","2022-05-24 05:00"
宜蘭,0.00,中央氣象局,宜蘭縣,"121,45,24","24,45,50","2022-05-24 05:00"
馬祖,0.00,中央氣象局,連江縣,"119,55,24","26,10,09","2022-05-24 05:00"
成功,0.00,中央氣象局,臺東縣,"121,22,24","23,05,51","2022-05-24 05:00"
高雄,0.00,中央氣象局,高雄市,"120,18,45","22,43,50","2022-05-24 05:00"
金門,0.00,中央氣象局,金門縣,"118,17,21","24,24,26","2022-05-24 05:00"
日月潭,0.00,中央氣象局,南投縣,"120,54,29","23,52,53","2022-05-24 05:00"
屏東,0,環境保護署,屏東縣,"120,29,17","22,40,23","2022-05-24 05:00"
板橋,0,環境保護署,新北市,"121,27,31","25,0,47","2022-05-24 05:00"
淡水,0,環境保護署,新北市,"121,26,57","25,9,52","2022-05-24 05:00"
臺中,0.00,中央氣象局,臺中市,"120,41,03","24,08,45","2022-05-24 05:00"
南投,0,環境保護署,南投縣,"120,41,7","23,54,47","2022-05-24 05:00"
桃園,0,環境保護署,桃園市,"121,18,31","24,59,12","2022-05-24 05:00"
斗六,0,環境保護署,雲林縣,"120,32,42","23,42,43","2022-05-24 05:00"
新營,0,環境保護署,臺南市,"120,19,2","23,18,20","2022-05-24 05:00"
沙鹿,0,環境保護署,臺中市,"120,34,8","24,13,32","2022-05-24 05:00"
阿里山,0,環境保護署,嘉義縣,"120,48,5","23,30,31","2022-05-24 05:00"
苗栗,0,環境保護署,苗栗縣,"120,49,13","24,33,55","2022-05-24 05:00"
嘉義,0.00,中央氣象局,嘉義市,"120,25,58","23,29,45","2022-05-24 05:00"
橋頭,0,環境保護署,高雄市,"120,18,20","22,45,27","2022-05-24 05:00"
塔塔加,0,環境保護署,嘉義縣,"120,52,50","23,28,14","2022-05-24 05:00"
彰化,0,環境保護署,彰化縣,"120,32,29","24,3,58","2022-05-24 05:00"
朴子,0,環境保護署,嘉義縣,"120,14,52","23,28,2","2022-05-24 05:00"
基隆,0.00,中央氣象局,基隆市,"121,44,26","25,07,60","2022-05-24 04:00"
日月潭,0.00,中央氣象局,南投縣,"120,54,29","23,52,53","2022-05-24 04:00"
金門,0.00,中央氣象局,金門縣,"118,17,21","24,24,26","2022-05-24 04:00"
宜蘭,0.00,中央氣象局,宜蘭縣,"121,45,24","24,45,50","2022-05-24 04:00"
花蓮,0.00,中央氣象局,花蓮縣,"121,36,48","23,58,30","2022-05-24 04:00"
新屋,0.00,中央氣象局,桃園市,"121,02,51","25,00,24","2022-05-24 04:00"
玉山,0.00,中央氣象局,南投縣,"120,57,34","23,29,15","2022-05-24 04:00"
桃園,0,環境保護署,桃園市,"121,18,31","24,59,12","2022-05-24 04:00"
朴子,0,環境保護署,嘉義縣,"120,14,52","23,28,2","2022-05-24 04:00"
蘭嶼,0.00,中央氣象局,臺東縣,"121,33,30","22,02,13","2022-05-24 04:00"
臺東,0.00,中央氣象局,臺東縣,"121,09,17","22,45,08","2022-05-24 04:00"
成功,0.00,中央氣象局,臺東縣,"121,22,24","23,05,51","2022-05-24 04:00"
斗六,0,環境保護署,雲林縣,"120,32,42","23,42,43","2022-05-24 04:00"
阿里山,0,環境保護署,嘉義縣,"120,48,5","23,30,31","2022-05-24 04:00"
沙鹿,0,環境保護署,臺中市,"120,34,8","24,13,32","2022-05-24 04:00"
南投,0,環境保護署,南投縣,"120,41,7","23,54,47","2022-05-24 04:00"
板橋,0,環境保護署,新北市,"121,27,31","25,0,47","2022-05-24 04:00"
塔塔加,0,環境保護署,嘉義縣,"120,52,50","23,28,14","2022-05-24 04:00"
鞍部,0.00,中央氣象局,臺北市,"121,31,47","25,10,57","2022-05-24 04:00"
馬祖,0.00,中央氣象局,連江縣,"119,55,24","26,10,09","2022-05-24 04:00"
臺中,0.00,中央氣象局,臺中市,"120,41,03","24,08,45","2022-05-24 04:00"
橋頭,0,環境保護署,高雄市,"120,18,20","22,45,27","2022-05-24 04:00"
新營,0,環境保護署,臺南市,"120,19,2","23,18,20","2022-05-24 04:00"
恆春,0.00,中央氣象局,屏東縣,"120,44,47","22,00,14","2022-05-24 04:00"
彰化,0,環境保護署,彰化縣,"120,32,29","24,3,58","2022-05-24 04:00"
淡水,0,環境保護署,新北市,"121,26,57","25,9,52","2022-05-24 04:00"
澎湖,0.00,中央氣象局,澎湖縣,"119,33,47","23,33,56","2022-05-24 04:00"
苗栗,0,環境保護署,苗栗縣,"120,49,13","24,33,55","2022-05-24 04:00"
臺南,0.00,中央氣象局,臺南市,"120,12,17","22,59,36","2022-05-24 04:00"
嘉義,0.00,中央氣象局,嘉義市,"120,25,58","23,29,45","2022-05-24 04:00"
新竹,0.00,中央氣象局,新竹縣,"121,00,51","24,49,40","2022-05-24 04:00"
臺北,0.00,中央氣象局,臺北市,"121,30,53","25,02,16","2022-05-24 04:00"
屏東,0,環境保護署,屏東縣,"120,29,17","22,40,23","2022-05-24 04:00"
高雄,0.00,中央氣象局,高雄市,"120,18,45","22,43,50","2022-05-24 04:00"
日月潭,0.00,中央氣象局,南投縣,"120,54,29","23,52,53","2022-05-24 03:00"
基隆,0.00,中央氣象局,基隆市,"121,44,26","25,07,60","2022-05-24 03:00"
宜蘭,0.00,中央氣象局,宜蘭縣,"121,45,24","24,45,50","2022-05-24 03:00"
屏東,0,環境保護署,屏東縣,"120,29,17","22,40,23","2022-05-24 03:00"
阿里山,0,環境保護署,嘉義縣,"120,48,5","23,30,31","2022-05-24 03:00"
臺東,0.00,中央氣象局,臺東縣,"121,09,17","22,45,08","2022-05-24 03:00"
橋頭,0,環境保護署,高雄市,"120,18,20","22,45,27","2022-05-24 03:00"
成功,0.00,中央氣象局,臺東縣,"121,22,24","23,05,51","2022-05-24 03:00"
嘉義,0.00,中央氣象局,嘉義市,"120,25,58","23,29,45","2022-05-24 03:00"
塔塔加,0,環境保護署,嘉義縣,"120,52,50","23,28,14","2022-05-24 03:00"
新屋,0.00,中央氣象局,桃園市,"121,02,51","25,00,24","2022-05-24 03:00"
蘭嶼,0.00,中央氣象局,臺東縣,"121,33,30","22,02,13","2022-05-24 03:00"
澎湖,0.00,中央氣象局,澎湖縣,"119,33,47","23,33,56","2022-05-24 03:00"
金門,0.00,中央氣象局,金門縣,"118,17,21","24,24,26","2022-05-24 03:00"
朴子,0,環境保護署,嘉義縣,"120,14,52","23,28,2","2022-05-24 03:00"
新營,0,環境保護署,臺南市,"120,19,2","23,18,20","2022-05-24 03:00"
臺中,0.00,中央氣象局,臺中市,"120,41,03","24,08,45","2022-05-24 03:00"
高雄,-999,中央氣象局,高雄市,"120,18,45","22,43,50","2022-05-24 03:00"
沙鹿,0,環境保護署,臺中市,"120,34,8","24,13,32","2022-05-24 03:00"
花蓮,0.00,中央氣象局,花蓮縣,"121,36,48","23,58,30","2022-05-24 03:00"
新竹,0.00,中央氣象局,新竹縣,"121,00,51","24,49,40","2022-05-24 03:00"
臺南,0.00,中央氣象局,臺南市,"120,12,17","22,59,36","2022-05-24 03:00"
板橋,0,環境保護署,新北市,"121,27,31","25,0,47","2022-05-24 03:00"
淡水,0,環境保護署,新北市,"121,26,57","25,9,52","2022-05-24 03:00"
南投,0,環境保護署,南投縣,"120,41,7","23,54,47","2022-05-24 03:00"
玉山,0.00,中央氣象局,南投縣,"120,57,34","23,29,15","2022-05-24 03:00"
鞍部,0.00,中央氣象局,臺北市,"121,31,47","25,10,57","2022-05-24 03:00"
恆春,0.00,中央氣象局,屏東縣,"120,44,47","22,00,14","2022-05-24 03:00"
斗六,0,環境保護署,雲林縣,"120,32,42","23,42,43","2022-05-24 03:00"
臺北,0.00,中央氣象局,臺北市,"121,30,53","25,02,16","2022-05-24 03:00"
馬祖,0.00,中央氣象局,連江縣,"119,55,24","26,10,09","2022-05-24 03:00"
桃園,0,環境保護署,桃園市,"121,18,31","24,59,12","2022-05-24 03:00"
苗栗,0,環境保護署,苗栗縣,"120,49,13","24,33,55","2022-05-24 03:00"
彰化,0,環境保護署,彰化縣,"120,32,29","24,3,58","2022-05-24 03:00"
新營,0,環境保護署,臺南市,"120,19,2","23,18,20","2022-05-24 02:00"
澎湖,0.00,中央氣象局,澎湖縣,"119,33,47","23,33,56","2022-05-24 02:00"
橋頭,0,環境保護署,高雄市,"120,18,20","22,45,27","2022-05-24 02:00"
塔塔加,0,環境保護署,嘉義縣,"120,52,50","23,28,14","2022-05-24 02:00"
沙鹿,0,環境保護署,臺中市,"120,34,8","24,13,32","2022-05-24 02:00"
斗六,0,環境保護署,雲林縣,"120,32,42","23,42,43","2022-05-24 02:00"
板橋,0,環境保護署,新北市,"121,27,31","25,0,47","2022-05-24 02:00"
苗栗,0,環境保護署,苗栗縣,"120,49,13","24,33,55","2022-05-24 02:00"
臺中,0.00,中央氣象局,臺中市,"120,41,03","24,08,45","2022-05-24 02:00"
馬祖,0.00,中央氣象局,連江縣,"119,55,24","26,10,09","2022-05-24 02:00"
淡水,0,環境保護署,新北市,"121,26,57","25,9,52","2022-05-24 02:00"
屏東,0,環境保護署,屏東縣,"120,29,17","22,40,23","2022-05-24 02:00"
阿里山,0,環境保護署,嘉義縣,"120,48,5","23,30,31","2022-05-24 02:00"
臺東,0.00,中央氣象局,臺東縣,"121,09,17","22,45,08","2022-05-24 02:00"
宜蘭,0.00,中央氣象局,宜蘭縣,"121,45,24","24,45,50","2022-05-24 02:00"
高雄,-999,中央氣象局,高雄市,"120,18,45","22,43,50","2022-05-24 02:00"
花蓮,0.00,中央氣象局,花蓮縣,"121,36,48","23,58,30","2022-05-24 02:00"
玉山,0.00,中央氣象局,南投縣,"120,57,34","23,29,15","2022-05-24 02:00"
臺北,0.00,中央氣象局,臺北市,"121,30,53","25,02,16","2022-05-24 02:00"
臺南,0.00,中央氣象局,臺南市,"120,12,17","22,59,36","2022-05-24 02:00"
日月潭,0.00,中央氣象局,南投縣,"120,54,29","23,52,53","2022-05-24 02:00"
新竹,0.00,中央氣象局,新竹縣,"121,00,51","24,49,40","2022-05-24 02:00"
基隆,0.00,中央氣象局,基隆市,"121,44,26","25,07,60","2022-05-24 02:00"
成功,0.00,中央氣象局,臺東縣,"121,22,24","23,05,51","2022-05-24 02:00"
恆春,0.00,中央氣象局,屏東縣,"120,44,47","22,00,14","2022-05-24 02:00"
鞍部,0.00,中央氣象局,臺北市,"121,31,47","25,10,57","2022-05-24 02:00"
南投,0,環境保護署,南投縣,"120,41,7","23,54,47","2022-05-24 02:00"
彰化,0,環境保護署,彰化縣,"120,32,29","24,3,58","2022-05-24 02:00"
嘉義,0.00,中央氣象局,嘉義市,"120,25,58","23,29,45","2022-05-24 02:00"
桃園,0,環境保護署,桃園市,"121,18,31","24,59,12","2022-05-24 02:00"
蘭嶼,0.00,中央氣象局,臺東縣,"121,33,30","22,02,13","2022-05-24 02:00"
金門,0.00,中央氣象局,金門縣,"118,17,21","24,24,26","2022-05-24 02:00"
新屋,0.00,中央氣象局,桃園市,"121,02,51","25,00,24","2022-05-24 02:00"
朴子,0,環境保護署,嘉義縣,"120,14,52","23,28,2","2022-05-24 02:00"
花蓮,0.00,中央氣象局,花蓮縣,"121,36,48","23,58,30","2022-05-24 01:00"
鞍部,0.00,中央氣象局,臺北市,"121,31,47","25,10,57","2022-05-24 01:00"
馬祖,0.00,中央氣象局,連江縣,"119,55,24","26,10,09","2022-05-24 01:00"
臺東,0.00,中央氣象局,臺東縣,"121,09,17","22,45,08","2022-05-24 01:00"
日月潭,0.00,中央氣象局,南投縣,"120,54,29","23,52,53","2022-05-24 01:00"
恆春,0.00,中央氣象局,屏東縣,"120,44,47","22,00,14","2022-05-24 01:00"
金門,0.00,中央氣象局,金門縣,"118,17,21","24,24,26","2022-05-24 01:00"
宜蘭,0.00,中央氣象局,宜蘭縣,"121,45,24","24,45,50","2022-05-24 01:00"
臺南,0.00,中央氣象局,臺南市,"120,12,17","22,59,36","2022-05-24 01:00"
玉山,0.00,中央氣象局,南投縣,"120,57,34","23,29,15","2022-05-24 01:00"
蘭嶼,0.00,中央氣象局,臺東縣,"121,33,30","22,02,13","2022-05-24 01:00"
嘉義,0.00,中央氣象局,嘉義市,"120,25,58","23,29,45","2022-05-24 01:00"
新竹,0.00,中央氣象局,新竹縣,"121,00,51","24,49,40","2022-05-24 01:00"
臺中,0.00,中央氣象局,臺中市,"120,41,03","24,08,45","2022-05-24 01:00"
澎湖,0.00,中央氣象局,澎湖縣,"119,33,47","23,33,56","2022-05-24 01:00"
高雄,-999,中央氣象局,高雄市,"120,18,45","22,43,50","2022-05-24 01:00"
彰化,0,環境保護署,彰化縣,"120,32,29","24,3,58","2022-05-24 01:00"
新屋,0.00,中央氣象局,桃園市,"121,02,51","25,00,24","2022-05-24 01:00"
基隆,0.00,中央氣象局,基隆市,"121,44,26","25,07,60","2022-05-24 01:00"
臺北,0.00,中央氣象局,臺北市,"121,30,53","25,02,16","2022-05-24 01:00"
橋頭,0,環境保護署,高雄市,"120,18,20","22,45,27","2022-05-24 01:00"
淡水,0,環境保護署,新北市,"121,26,57","25,9,52","2022-05-24 01:00"
斗六,0,環境保護署,雲林縣,"120,32,42","23,42,43","2022-05-24 01:00"
沙鹿,0,環境保護署,臺中市,"120,34,8","24,13,32","2022-05-24 01:00"
塔塔加,0,環境保護署,嘉義縣,"120,52,50","23,28,14","2022-05-24 01:00"
新營,0,環境保護署,臺南市,"120,19,2","23,18,20","2022-05-24 01:00"
成功,0.00,中央氣象局,臺東縣,"121,22,24","23,05,51","2022-05-24 01:00"
屏東,0,環境保護署,屏東縣,"120,29,17","22,40,23","2022-05-24 01:00"
板橋,0,環境保護署,新北市,"121,27,31","25,0,47","2022-05-24 01:00"
桃園,0,環境保護署,桃園市,"121,18,31","24,59,12","2022-05-24 01:00"
苗栗,0,環境保護署,苗栗縣,"120,49,13","24,33,55","2022-05-24 01:00"
阿里山,0,環境保護署,嘉義縣,"120,48,5","23,30,31","2022-05-24 01:00"
朴子,0,環境保護署,嘉義縣,"120,14,52","23,28,2","2022-05-24 01:00"
南投,0,環境保護署,南投縣,"120,41,7","23,54,47","2022-05-24 01:00"
臺中,0.00,中央氣象局,臺中市,"120,41,03","24,08,45","2022-05-24 00:00"
花蓮,0.00,中央氣象局,花蓮縣,"121,36,48","23,58,30","2022-05-24 00:00"
馬祖,0.00,中央氣象局,連江縣,"119,55,24","26,10,09","2022-05-24 00:00"
沙鹿,0,環境保護署,臺中市,"120,34,8","24,13,32","2022-05-24 00:00"
新竹,0.00,中央氣象局,新竹縣,"121,00,51","24,49,40","2022-05-24 00:00"
阿里山,0,環境保護署,嘉義縣,"120,48,5","23,30,31","2022-05-24 00:00"
成功,0.00,中央氣象局,臺東縣,"121,22,24","23,05,51","2022-05-24 00:00"
金門,0.00,中央氣象局,金門縣,"118,17,21","24,24,26","2022-05-24 00:00"
塔塔加,0,環境保護署,嘉義縣,"120,52,50","23,28,14","2022-05-24 00:00"
新屋,0.00,中央氣象局,桃園市,"121,02,51","25,00,24","2022-05-24 00:00"
玉山,0.00,中央氣象局,南投縣,"120,57,34","23,29,15","2022-05-24 00:00"
蘭嶼,0.00,中央氣象局,臺東縣,"121,33,30","22,02,13","2022-05-24 00:00"
南投,0,環境保護署,南投縣,"120,41,7","23,54,47","2022-05-24 00:00"
基隆,0.00,中央氣象局,基隆市,"121,44,26","25,07,60","2022-05-24 00:00"
屏東,0,環境保護署,屏東縣,"120,29,17","22,40,23","2022-05-24 00:00"
澎湖,0.00,中央氣象局,澎湖縣,"119,33,47","23,33,56","2022-05-24 00:00"
板橋,0,環境保護署,新北市,"121,27,31","25,0,47","2022-05-24 00:00"
新營,0,環境保護署,臺南市,"120,19,2","23,18,20","2022-05-24 00:00"
日月潭,0.00,中央氣象局,南投縣,"120,54,29","23,52,53","2022-05-24 00:00"
臺南,0.00,中央氣象局,臺南市,"120,12,17","22,59,36","2022-05-24 00:00"
臺北,0.00,中央氣象局,臺北市,"121,30,53","25,02,16","2022-05-24 00:00"
高雄,-999,中央氣象局,高雄市,"120,18,45","22,43,50","2022-05-24 00:00"
臺東,0.00,中央氣象局,臺東縣,"121,09,17","22,45,08","2022-05-24 00:00"
橋頭,0,環境保護署,高雄市,"120,18,20","22,45,27","2022-05-24 00:00"
朴子,0,環境保護署,嘉義縣,"120,14,52","23,28,2","2022-05-24 00:00"
斗六,0,環境保護署,雲林縣,"120,32,42","23,42,43","2022-05-24 00:00"
鞍部,0.00,中央氣象局,臺北市,"121,31,47","25,10,57","2022-05-24 00:00"
淡水,0,環境保護署,新北市,"121,26,57","25,9,52","2022-05-24 00:00"
嘉義,0.00,中央氣象局,嘉義市,"120,25,58","23,29,45","2022-05-24 00:00"
桃園,0,環境保護署,桃園市,"121,18,31","24,59,12","2022-05-24 00:00"
宜蘭,0.00,中央氣象局,宜蘭縣,"121,45,24","24,45,50","2022-05-24 00:00"
苗栗,0,環境保護署,苗栗縣,"120,49,13","24,33,55","2022-05-24 00:00"
恆春,0.00,中央氣象局,屏東縣,"120,44,47","22,00,14","2022-05-24 00:00"
彰化,0,環境保護署,彰化縣,"120,32,29","24,3,58","2022-05-24 00:00"
臺北,0.00,中央氣象局,臺北市,"121,30,53","25,02,16","2022-05-23 23:00"
恆春,0.00,中央氣象局,屏東縣,"120,44,47","22,00,14","2022-05-23 23:00"
嘉義,0.00,中央氣象局,嘉義市,"120,25,58","23,29,45","2022-05-23 23:00"
馬祖,0.00,中央氣象局,連江縣,"119,55,24","26,10,09","2022-05-23 23:00"
金門,0.00,中央氣象局,金門縣,"118,17,21","24,24,26","2022-05-23 23:00"
臺南,0.00,中央氣象局,臺南市,"120,12,17","22,59,36","2022-05-23 23:00"
新竹,0.00,中央氣象局,新竹縣,"121,00,51","24,49,40","2022-05-23 23:00"
臺中,0.00,中央氣象局,臺中市,"120,41,03","24,08,45","2022-05-23 23:00"
澎湖,0.00,中央氣象局,澎湖縣,"119,33,47","23,33,56","2022-05-23 23:00"
花蓮,0.00,中央氣象局,花蓮縣,"121,36,48","23,58,30","2022-05-23 23:00"
高雄,-999,中央氣象局,高雄市,"120,18,45","22,43,50","2022-05-23 23:00"
玉山,0.00,中央氣象局,南投縣,"120,57,34","23,29,15","2022-05-23 23:00"
鞍部,0.00,中央氣象局,臺北市,"121,31,47","25,10,57","2022-05-23 23:00"
宜蘭,0.00,中央氣象局,宜蘭縣,"121,45,24","24,45,50","2022-05-23 23:00"
成功,0.00,中央氣象局,臺東縣,"121,22,24","23,05,51","2022-05-23 23:00"
日月潭,0.00,中央氣象局,南投縣,"120,54,29","23,52,53","2022-05-23 23:00"
苗栗,0,環境保護署,苗栗縣,"120,49,13","24,33,55","2022-05-23 23:00"
桃園,0,環境保護署,桃園市,"121,18,31","24,59,12","2022-05-23 23:00"
臺東,0.00,中央氣象局,臺東縣,"121,09,17","22,45,08","2022-05-23 23:00"
蘭嶼,0.00,中央氣象局,臺東縣,"121,33,30","22,02,13","2022-05-23 23:00"
板橋,0,環境保護署,新北市,"121,27,31","25,0,47","2022-05-23 23:00"
斗六,0,環境保護署,雲林縣,"120,32,42","23,42,43","2022-05-23 23:00"
基隆,0.00,中央氣象局,基隆市,"121,44,26","25,07,60","2022-05-23 23:00"
屏東,0,環境保護署,屏東縣,"120,29,17","22,40,23","2022-05-23 23:00"
彰化,0,環境保護署,彰化縣,"120,32,29","24,3,58","2022-05-23 23:00"
南投,0,環境保護署,南投縣,"120,41,7","23,54,47","2022-05-23 23:00"
橋頭,0,環境保護署,高雄市,"120,18,20","22,45,27","2022-05-23 23:00"
塔塔加,0,環境保護署,嘉義縣,"120,52,50","23,28,14","2022-05-23 23:00"
新屋,0.00,中央氣象局,桃園市,"121,02,51","25,00,24","2022-05-23 23:00"
阿里山,0,環境保護署,嘉義縣,"120,48,5","23,30,31","2022-05-23 23:00"
淡水,0,環境保護署,新北市,"121,26,57","25,9,52","2022-05-23 23:00"
新營,0,環境保護署,臺南市,"120,19,2","23,18,20","2022-05-23 23:00"
沙鹿,0,環境保護署,臺中市,"120,34,8","24,13,32","2022-05-23 23:00"
朴子,0,環境保護署,嘉義縣,"120,14,52","23,28,2","2022-05-23 23:00"
花蓮,0.00,中央氣象局,花蓮縣,"121,36,48","23,58,30","2022-05-23 22:00"
日月潭,0.00,中央氣象局,南投縣,"120,54,29","23,52,53","2022-05-23 22:00"
桃園,0,環境保護署,桃園市,"121,18,31","24,59,12","2022-05-23 22:00"
新竹,0.00,中央氣象局,新竹縣,"121,00,51","24,49,40","2022-05-23 22:00"
橋頭,0,環境保護署,高雄市,"120,18,20","22,45,27","2022-05-23 22:00"
臺中,0.00,中央氣象局,臺中市,"120,41,03","24,08,45","2022-05-23 22:00"
阿里山,0,環境保護署,嘉義縣,"120,48,5","23,30,31","2022-05-23 22:00"
基隆,0.00,中央氣象局,基隆市,"121,44,26","25,07,60","2022-05-23 22:00"
蘭嶼,0.00,中央氣象局,臺東縣,"121,33,30","22,02,13","2022-05-23 22:00"
臺東,0.00,中央氣象局,臺東縣,"121,09,17","22,45,08","2022-05-23 22:00"
彰化,0,環境保護署,彰化縣,"120,32,29","24,3,58","2022-05-23 22:00"
塔塔加,0,環境保護署,嘉義縣,"120,52,50","23,28,14","2022-05-23 22:00"
嘉義,0.00,中央氣象局,嘉義市,"120,25,58","23,29,45","2022-05-23 22:00"
玉山,0.00,中央氣象局,南投縣,"120,57,34","23,29,15","2022-05-23 22:00"
馬祖,0.00,中央氣象局,連江縣,"119,55,24","26,10,09","2022-05-23 22:00"
淡水,0,環境保護署,新北市,"121,26,57","25,9,52","2022-05-23 22:00"
南投,0,環境保護署,南投縣,"120,41,7","23,54,47","2022-05-23 22:00"
宜蘭,0.00,中央氣象局,宜蘭縣,"121,45,24","24,45,50","2022-05-23 22:00"
屏東,0,環境保護署,屏東縣,"120,29,17","22,40,23","2022-05-23 22:00"
斗六,0,環境保護署,雲林縣,"120,32,42","23,42,43","2022-05-23 22:00"
新營,0,環境保護署,臺南市,"120,19,2","23,18,20","2022-05-23 22:00"
金門,0.00,中央氣象局,金門縣,"118,17,21","24,24,26","2022-05-23 22:00"
朴子,0,環境保護署,嘉義縣,"120,14,52","23,28,2","2022-05-23 22:00"
成功,0.00,中央氣象局,臺東縣,"121,22,24","23,05,51","2022-05-23 22:00"
高雄,-999,中央氣象局,高雄市,"120,18,45","22,43,50","2022-05-23 22:00"
鞍部,0.00,中央氣象局,臺北市,"121,31,47","25,10,57","2022-05-23 22:00"
臺北,0.00,中央氣象局,臺北市,"121,30,53","25,02,16","2022-05-23 22:00"
沙鹿,0,環境保護署,臺中市,"120,34,8","24,13,32","2022-05-23 22:00"
恆春,0.00,中央氣象局,屏東縣,"120,44,47","22,00,14","2022-05-23 22:00"
板橋,0,環境保護署,新北市,"121,27,31","25,0,47","2022-05-23 22:00"
新屋,0.00,中央氣象局,桃園市,"121,02,51","25,00,24","2022-05-23 22:00"
苗栗,0,環境保護署,苗栗縣,"120,49,13","24,33,55","2022-05-23 22:00"
臺南,0.00,中央氣象局,臺南市,"120,12,17","22,59,36","2022-05-23 22:00"
澎湖,0.00,中央氣象局,澎湖縣,"119,33,47","23,33,56","2022-05-23 22:00"
高雄,0.00,中央氣象局,高雄市,"120,18,45","22,43,50","2022-05-23 21:00"
鞍部,0.00,中央氣象局,臺北市,"121,31,47","25,10,57","2022-05-23 21:00"
臺南,0.00,中央氣象局,臺南市,"120,12,17","22,59,36","2022-05-23 21:00"
新竹,0.00,中央氣象局,新竹縣,"121,00,51","24,49,40","2022-05-23 21:00"
玉山,0.00,中央氣象局,南投縣,"120,57,34","23,29,15","2022-05-23 21:00"
花蓮,0.00,中央氣象局,花蓮縣,"121,36,48","23,58,30","2022-05-23 21:00"
蘭嶼,0.00,中央氣象局,臺東縣,"121,33,30","22,02,13","2022-05-23 21:00"
恆春,0.00,中央氣象局,屏東縣,"120,44,47","22,00,14","2022-05-23 21:00"
馬祖,0.00,中央氣象局,連江縣,"119,55,24","26,10,09","2022-05-23 21:00"
成功,0.00,中央氣象局,臺東縣,"121,22,24","23,05,51","2022-05-23 21:00"
臺東,0.00,中央氣象局,臺東縣,"121,09,17","22,45,08","2022-05-23 21:00"
臺北,0.00,中央氣象局,臺北市,"121,30,53","25,02,16","2022-05-23 21:00"
新屋,0.00,中央氣象局,桃園市,"121,02,51","25,00,24","2022-05-23 21:00"
基隆,0.00,中央氣象局,基隆市,"121,44,26","25,07,60","2022-05-23 21:00"
朴子,0,環境保護署,嘉義縣,"120,14,52","23,28,2","2022-05-23 21:00"
塔塔加,0,環境保護署,嘉義縣,"120,52,50","23,28,14","2022-05-23 21:00"
新營,0,環境保護署,臺南市,"120,19,2","23,18,20","2022-05-23 21:00"
屏東,0,環境保護署,屏東縣,"120,29,17","22,40,23","2022-05-23 21:00"
桃園,0,環境保護署,桃園市,"121,18,31","24,59,12","2022-05-23 21:00"
阿里山,0,環境保護署,嘉義縣,"120,48,5","23,30,31","2022-05-23 21:00"
沙鹿,0,環境保護署,臺中市,"120,34,8","24,13,32","2022-05-23 21:00"
橋頭,0,環境保護署,高雄市,"120,18,20","22,45,27","2022-05-23 21:00"
金門,0.00,中央氣象局,金門縣,"118,17,21","24,24,26","2022-05-23 21:00"
南投,0,環境保護署,南投縣,"120,41,7","23,54,47","2022-05-23 21:00"
苗栗,0,環境保護署,苗栗縣,"120,49,13","24,33,55","2022-05-23 21:00"
板橋,0,環境保護署,新北市,"121,27,31","25,0,47","2022-05-23 21:00"
宜蘭,0.00,中央氣象局,宜蘭縣,"121,45,24","24,45,50","2022-05-23 21:00"
斗六,0,環境保護署,雲林縣,"120,32,42","23,42,43","2022-05-23 21:00"
嘉義,0.00,中央氣象局,嘉義市,"120,25,58","23,29,45","2022-05-23 21:00"
日月潭,0.00,中央氣象局,南投縣,"120,54,29","23,52,53","2022-05-23 21:00"
彰化,0,環境保護署,彰化縣,"120,32,29","24,3,58","2022-05-23 21:00"
澎湖,0.00,中央氣象局,澎湖縣,"119,33,47","23,33,56","2022-05-23 21:00"
淡水,0,環境保護署,新北市,"121,26,57","25,9,52","2022-05-23 21:00"
臺中,0.00,中央氣象局,臺中市,"120,41,03","24,08,45","2022-05-23 21:00"
新竹,0.00,中央氣象局,新竹縣,"121,00,51","24,49,40","2022-05-23 20:00"
成功,0.00,中央氣象局,臺東縣,"121,22,24","23,05,51","2022-05-23 20:00"
新屋,0.00,中央氣象局,桃園市,"121,02,51","25,00,24","2022-05-23 20:00"
馬祖,0.00,中央氣象局,連江縣,"119,55,24","26,10,09","2022-05-23 20:00"
臺北,0.00,中央氣象局,臺北市,"121,30,53","25,02,16","2022-05-23 20:00"
宜蘭,0.00,中央氣象局,宜蘭縣,"121,45,24","24,45,50","2022-05-23 20:00"
日月潭,0.00,中央氣象局,南投縣,"120,54,29","23,52,53","2022-05-23 20:00"
臺南,0.00,中央氣象局,臺南市,"120,12,17","22,59,36","2022-05-23 20:00"
臺中,0.00,中央氣象局,臺中市,"120,41,03","24,08,45","2022-05-23 20:00"
屏東,0,環境保護署,屏東縣,"120,29,17","22,40,23","2022-05-23 20:00"
玉山,0.00,中央氣象局,南投縣,"120,57,34","23,29,15","2022-05-23 20:00"
橋頭,0,環境保護署,高雄市,"120,18,20","22,45,27","2022-05-23 20:00"
新營,0,環境保護署,臺南市,"120,19,2","23,18,20","2022-05-23 20:00"
蘭嶼,0.00,中央氣象局,臺東縣,"121,33,30","22,02,13","2022-05-23 20:00"
花蓮,0.00,中央氣象局,花蓮縣,"121,36,48","23,58,30","2022-05-23 20:00"
澎湖,0.00,中央氣象局,澎湖縣,"119,33,47","23,33,56","2022-05-23 20:00"
阿里山,0,環境保護署,嘉義縣,"120,48,5","23,30,31","2022-05-23 20:00"
斗六,0,環境保護署,雲林縣,"120,32,42","23,42,43","2022-05-23 20:00"
沙鹿,0,環境保護署,臺中市,"120,34,8","24,13,32","2022-05-23 20:00"
淡水,0,環境保護署,新北市,"121,26,57","25,9,52","2022-05-23 20:00"
彰化,0,環境保護署,彰化縣,"120,32,29","24,3,58","2022-05-23 20:00"
板橋,0,環境保護署,新北市,"121,27,31","25,0,47","2022-05-23 20:00"
苗栗,0,環境保護署,苗栗縣,"120,49,13","24,33,55","2022-05-23 20:00"
塔塔加,0,環境保護署,嘉義縣,"120,52,50","23,28,14","2022-05-23 20:00"
南投,0,環境保護署,南投縣,"120,41,7","23,54,47","2022-05-23 20:00"
嘉義,0.00,中央氣象局,嘉義市,"120,25,58","23,29,45","2022-05-23 20:00"
朴子,0,環境保護署,嘉義縣,"120,14,52","23,28,2","2022-05-23 20:00"
恆春,0.00,中央氣象局,屏東縣,"120,44,47","22,00,14","2022-05-23 20:00"
臺東,0.00,中央氣象局,臺東縣,"121,09,17","22,45,08","2022-05-23 20:00"
金門,0.00,中央氣象局,金門縣,"118,17,21","24,24,26","2022-05-23 20:00"
鞍部,0.00,中央氣象局,臺北市,"121,31,47","25,10,57","2022-05-23 20:00"
桃園,0,環境保護署,桃園市,"121,18,31","24,59,12","2022-05-23 20:00"
基隆,0.00,中央氣象局,基隆市,"121,44,26","25,07,60","2022-05-23 20:00"
高雄,0.00,中央氣象局,高雄市,"120,18,45","22,43,50","2022-05-23 20:00"
花蓮,0.01,中央氣象局,花蓮縣,"121,36,48","23,58,30","2022-05-23 19:00"
成功,0.01,中央氣象局,臺東縣,"121,22,24","23,05,51","2022-05-23 19:00"
臺北,0.01,中央氣象局,臺北市,"121,30,53","25,02,16","2022-05-23 19:00"
恆春,0.02,中央氣象局,屏東縣,"120,44,47","22,00,14","2022-05-23 19:00"
新竹,0.02,中央氣象局,新竹縣,"121,00,51","24,49,40","2022-05-23 19:00"
臺南,0.02,中央氣象局,臺南市,"120,12,17","22,59,36","2022-05-23 19:00"
玉山,0.01,中央氣象局,南投縣,"120,57,34","23,29,15","2022-05-23 19:00"
高雄,0.01,中央氣象局,高雄市,"120,18,45","22,43,50","2022-05-23 19:00"
鞍部,0.00,中央氣象局,臺北市,"121,31,47","25,10,57","2022-05-23 19:00"
馬祖,0.01,中央氣象局,連江縣,"119,55,24","26,10,09","2022-05-23 19:00"
蘭嶼,0.01,中央氣象局,臺東縣,"121,33,30","22,02,13","2022-05-23 19:00"
新屋,0.01,中央氣象局,桃園市,"121,02,51","25,00,24","2022-05-23 19:00"
基隆,0.01,中央氣象局,基隆市,"121,44,26","25,07,60","2022-05-23 19:00"
桃園,0,環境保護署,桃園市,"121,18,31","24,59,12","2022-05-23 19:00"
嘉義,0.01,中央氣象局,嘉義市,"120,25,58","23,29,45","2022-05-23 19:00"
臺中,0.01,中央氣象局,臺中市,"120,41,03","24,08,45","2022-05-23 19:00"
澎湖,0.03,中央氣象局,澎湖縣,"119,33,47","23,33,56","2022-05-23 19:00"
沙鹿,0,環境保護署,臺中市,"120,34,8","24,13,32","2022-05-23 19:00"
新營,0,環境保護署,臺南市,"120,19,2","23,18,20","2022-05-23 19:00"
阿里山,0,環境保護署,嘉義縣,"120,48,5","23,30,31","2022-05-23 19:00"
淡水,0,環境保護署,新北市,"121,26,57","25,9,52","2022-05-23 19:00"
橋頭,0,環境保護署,高雄市,"120,18,20","22,45,27","2022-05-23 19:00"
苗栗,0,環境保護署,苗栗縣,"120,49,13","24,33,55","2022-05-23 19:00"
屏東,0,環境保護署,屏東縣,"120,29,17","22,40,23","2022-05-23 19:00"
朴子,0,環境保護署,嘉義縣,"120,14,52","23,28,2","2022-05-23 19:00"
宜蘭,0.01,中央氣象局,宜蘭縣,"121,45,24","24,45,50","2022-05-23 19:00"
塔塔加,0,環境保護署,嘉義縣,"120,52,50","23,28,14","2022-05-23 19:00"
南投,0,環境保護署,南投縣,"120,41,7","23,54,47","2022-05-23 19:00"
板橋,0,環境保護署,新北市,"121,27,31","25,0,47","2022-05-23 19:00"
金門,0.02,中央氣象局,金門縣,"118,17,21","24,24,26","2022-05-23 19:00"
斗六,0,環境保護署,雲林縣,"120,32,42","23,42,43","2022-05-23 19:00"
彰化,0,環境保護署,彰化縣,"120,32,29","24,3,58","2022-05-23 19:00"
日月潭,0.01,中央氣象局,南投縣,"120,54,29","23,52,53","2022-05-23 19:00"
臺東,0.01,中央氣象局,臺東縣,"121,09,17","22,45,08","2022-05-23 19:00"
新竹,0.11,中央氣象局,新竹縣,"121,00,51","24,49,40","2022-05-23 18:00"
桃園,0,環境保護署,桃園市,"121,18,31","24,59,12","2022-05-23 18:00"
新營,0,環境保護署,臺南市,"120,19,2","23,18,20","2022-05-23 18:00"
日月潭,0.26,中央氣象局,南投縣,"120,54,29","23,52,53","2022-05-23 18:00"
玉山,0.10,中央氣象局,南投縣,"120,57,34","23,29,15","2022-05-23 18:00"
阿里山,0,環境保護署,嘉義縣,"120,48,5","23,30,31","2022-05-23 18:00"
澎湖,0.33,中央氣象局,澎湖縣,"119,33,47","23,33,56","2022-05-23 18:00"
朴子,0,環境保護署,嘉義縣,"120,14,52","23,28,2","2022-05-23 18:00"
鞍部,0.12,中央氣象局,臺北市,"121,31,47","25,10,57","2022-05-23 18:00"
成功,0.13,中央氣象局,臺東縣,"121,22,24","23,05,51","2022-05-23 18:00"
高雄,0.31,中央氣象局,高雄市,"120,18,45","22,43,50","2022-05-23 18:00"
臺南,0.24,中央氣象局,臺南市,"120,12,17","22,59,36","2022-05-23 18:00"
臺東,0.10,中央氣象局,臺東縣,"121,09,17","22,45,08","2022-05-23 18:00"
恆春,0.31,中央氣象局,屏東縣,"120,44,47","22,00,14","2022-05-23 18:00"
塔塔加,0,環境保護署,嘉義縣,"120,52,50","23,28,14","2022-05-23 18:00"
嘉義,0.21,中央氣象局,嘉義市,"120,25,58","23,29,45","2022-05-23 18:00"
花蓮,0.24,中央氣象局,花蓮縣,"121,36,48","23,58,30","2022-05-23 18:00"
斗六,0,環境保護署,雲林縣,"120,32,42","23,42,43","2022-05-23 18:00"
南投,0,環境保護署,南投縣,"120,41,7","23,54,47","2022-05-23 18:00"
苗栗,0,環境保護署,苗栗縣,"120,49,13","24,33,55","2022-05-23 18:00"
橋頭,0,環境保護署,高雄市,"120,18,20","22,45,27","2022-05-23 18:00"
板橋,0,環境保護署,新北市,"121,27,31","25,0,47","2022-05-23 18:00"
淡水,0,環境保護署,新北市,"121,26,57","25,9,52","2022-05-23 18:00"
蘭嶼,0.33,中央氣象局,臺東縣,"121,33,30","22,02,13","2022-05-23 18:00"
新屋,0.15,中央氣象局,桃園市,"121,02,51","25,00,24","2022-05-23 18:00"
金門,0.36,中央氣象局,金門縣,"118,17,21","24,24,26","2022-05-23 18:00"
臺北,0.15,中央氣象局,臺北市,"121,30,53","25,02,16","2022-05-23 18:00"
基隆,0.08,中央氣象局,基隆市,"121,44,26","25,07,60","2022-05-23 18:00"
馬祖,0.12,中央氣象局,連江縣,"119,55,24","26,10,09","2022-05-23 18:00"
宜蘭,0.11,中央氣象局,宜蘭縣,"121,45,24","24,45,50","2022-05-23 18:00"
屏東,0,環境保護署,屏東縣,"120,29,17","22,40,23","2022-05-23 18:00"
彰化,0,環境保護署,彰化縣,"120,32,29","24,3,58","2022-05-23 18:00"
沙鹿,0,環境保護署,臺中市,"120,34,8","24,13,32","2022-05-23 18:00"
臺中,0.15,中央氣象局,臺中市,"120,41,03","24,08,45","2022-05-23 18:00"
高雄,0.84,中央氣象局,高雄市,"120,18,45","22,43,50","2022-05-23 17:00"
玉山,0.44,中央氣象局,南投縣,"120,57,34","23,29,15","2022-05-23 17:00"
馬祖,0.46,中央氣象局,連江縣,"119,55,24","26,10,09","2022-05-23 17:00"
臺南,1.32,中央氣象局,臺南市,"120,12,17","22,59,36","2022-05-23 17:00"
成功,0.17,中央氣象局,臺東縣,"121,22,24","23,05,51","2022-05-23 17:00"
基隆,0.35,中央氣象局,基隆市,"121,44,26","25,07,60","2022-05-23 17:00"
臺北,0.39,中央氣象局,臺北市,"121,30,53","25,02,16","2022-05-23 17:00"
鞍部,0.25,中央氣象局,臺北市,"121,31,47","25,10,57","2022-05-23 17:00"
新屋,0.20,中央氣象局,桃園市,"121,02,51","25,00,24","2022-05-23 17:00"
花蓮,0.62,中央氣象局,花蓮縣,"121,36,48","23,58,30","2022-05-23 17:00"
新竹,0.21,中央氣象局,新竹縣,"121,00,51","24,49,40","2022-05-23 17:00"
恆春,1.41,中央氣象局,屏東縣,"120,44,47","22,00,14","2022-05-23 17:00"
新營,0,環境保護署,臺南市,"120,19,2","23,18,20","2022-05-23 17:00"
朴子,1,環境保護署,嘉義縣,"120,14,52","23,28,2","2022-05-23 17:00"
板橋,0,環境保護署,新北市,"121,27,31","25,0,47","2022-05-23 17:00"
橋頭,0,環境保護署,高雄市,"120,18,20","22,45,27","2022-05-23 17:00"
屏東,0,環境保護署,屏東縣,"120,29,17","22,40,23","2022-05-23 17:00"
斗六,1,環境保護署,雲林縣,"120,32,42","23,42,43","2022-05-23 17:00"
阿里山,0,環境保護署,嘉義縣,"120,48,5","23,30,31","2022-05-23 17:00"
彰化,0,環境保護署,彰化縣,"120,32,29","24,3,58","2022-05-23 17:00"
桃園,0,環境保護署,桃園市,"121,18,31","24,59,12","2022-05-23 17:00"
澎湖,1.08,中央氣象局,澎湖縣,"119,33,47","23,33,56","2022-05-23 17:00"
金門,1.31,中央氣象局,金門縣,"118,17,21","24,24,26","2022-05-23 17:00"
塔塔加,0.3,環境保護署,嘉義縣,"120,52,50","23,28,14","2022-05-23 17:00"
嘉義,1.23,中央氣象局,嘉義市,"120,25,58","23,29,45","2022-05-23 17:00"
沙鹿,0,環境保護署,臺中市,"120,34,8","24,13,32","2022-05-23 17:00"
臺中,0.92,中央氣象局,臺中市,"120,41,03","24,08,45","2022-05-23 17:00"
日月潭,0.62,中央氣象局,南投縣,"120,54,29","23,52,53","2022-05-23 17:00"
蘭嶼,1.46,中央氣象局,臺東縣,"121,33,30","22,02,13","2022-05-23 17:00"
宜蘭,0.32,中央氣象局,宜蘭縣,"121,45,24","24,45,50","2022-05-23 17:00"
苗栗,0,環境保護署,苗栗縣,"120,49,13","24,33,55","2022-05-23 17:00"
南投,1,環境保護署,南投縣,"120,41,7","23,54,47","2022-05-23 17:00"
臺東,0.73,中央氣象局,臺東縣,"121,09,17","22,45,08","2022-05-23 17:00"
淡水,0,環境保護署,新北市,"121,26,57","25,9,52","2022-05-23 17:00"
成功,1.73,中央氣象局,臺東縣,"121,22,24","23,05,51","2022-05-23 16:00"
高雄,0.46,中央氣象局,高雄市,"120,18,45","22,43,50","2022-05-23 16:00"
淡水,0,環境保護署,新北市,"121,26,57","25,9,52","2022-05-23 16:00"
苗栗,1,環境保護署,苗栗縣,"120,49,13","24,33,55","2022-05-23 16:00"
屏東,2,環境保護署,屏東縣,"120,29,17","22,40,23","2022-05-23 16:00"
新屋,-999,中央氣象局,桃園市,"121,02,51","25,00,24","2022-05-23 16:00"
馬祖,0.67,中央氣象局,連江縣,"119,55,24","26,10,09","2022-05-23 16:00"
基隆,-999,中央氣象局,基隆市,"121,44,26","25,07,60","2022-05-23 16:00"
花蓮,-999,中央氣象局,花蓮縣,"121,36,48","23,58,30","2022-05-23 16:00"
沙鹿,1,環境保護署,臺中市,"120,34,8","24,13,32","2022-05-23 16:00"
新營,2,環境保護署,臺南市,"120,19,2","23,18,20","2022-05-23 16:00"
恆春,-999,中央氣象局,屏東縣,"120,44,47","22,00,14","2022-05-23 16:00"
塔塔加,1.7,環境保護署,嘉義縣,"120,52,50","23,28,14","2022-05-23 16:00"
臺北,0.52,中央氣象局,臺北市,"121,30,53","25,02,16","2022-05-23 16:00"
新竹,1.01,中央氣象局,新竹縣,"121,00,51","24,49,40","2022-05-23 16:00"
蘭嶼,3.76,中央氣象局,臺東縣,"121,33,30","22,02,13","2022-05-23 16:00"
桃園,0,環境保護署,桃園市,"121,18,31","24,59,12","2022-05-23 16:00"
斗六,2,環境保護署,雲林縣,"120,32,42","23,42,43","2022-05-23 16:00"
玉山,2.64,中央氣象局,南投縣,"120,57,34","23,29,15","2022-05-23 16:00"
宜蘭,0.84,中央氣象局,宜蘭縣,"121,45,24","24,45,50","2022-05-23 16:00"
朴子,3,環境保護署,嘉義縣,"120,14,52","23,28,2","2022-05-23 16:00"
臺南,2.69,中央氣象局,臺南市,"120,12,17","22,59,36","2022-05-23 16:00"
澎湖,-999,中央氣象局,澎湖縣,"119,33,47","23,33,56","2022-05-23 16:00"
板橋,0,環境保護署,新北市,"121,27,31","25,0,47","2022-05-23 16:00"
橋頭,0,環境保護署,高雄市,"120,18,20","22,45,27","2022-05-23 16:00"
金門,-999,中央氣象局,金門縣,"118,17,21","24,24,26","2022-05-23 16:00"
南投,2,環境保護署,南投縣,"120,41,7","23,54,47","2022-05-23 16:00"
臺中,-999,中央氣象局,臺中市,"120,41,03","24,08,45","2022-05-23 16:00"
彰化,3,環境保護署,彰化縣,"120,32,29","24,3,58","2022-05-23 16:00"
日月潭,1.63,中央氣象局,南投縣,"120,54,29","23,52,53","2022-05-23 16:00"
嘉義,3.44,中央氣象局,嘉義市,"120,25,58","23,29,45","2022-05-23 16:00"
鞍部,0.68,中央氣象局,臺北市,"121,31,47","25,10,57","2022-05-23 16:00"
阿里山,1,環境保護署,嘉義縣,"120,48,5","23,30,31","2022-05-23 16:00"
臺東,-999,中央氣象局,臺東縣,"121,09,17","22,45,08","2022-05-23 16:00"
阿里山,5,環境保護署,嘉義縣,"120,48,5","23,30,31","2022-05-23 15:00"
馬祖,1.36,中央氣象局,連江縣,"119,55,24","26,10,09","2022-05-23 15:00"
臺南,1.57,中央氣象局,臺南市,"120,12,17","22,59,36","2022-05-23 15:00"
新竹,1.29,中央氣象局,新竹縣,"121,00,51","24,49,40","2022-05-23 15:00"
花蓮,3.29,中央氣象局,花蓮縣,"121,36,48","23,58,30","2022-05-23 15:00"
塔塔加,1.6,環境保護署,嘉義縣,"120,52,50","23,28,14","2022-05-23 15:00"
鞍部,0.74,中央氣象局,臺北市,"121,31,47","25,10,57","2022-05-23 15:00"
橋頭,2,環境保護署,高雄市,"120,18,20","22,45,27","2022-05-23 15:00"
屏東,3,環境保護署,屏東縣,"120,29,17","22,40,23","2022-05-23 15:00"
玉山,4.26,中央氣象局,南投縣,"120,57,34","23,29,15","2022-05-23 15:00"
高雄,2.57,中央氣象局,高雄市,"120,18,45","22,43,50","2022-05-23 15:00"
宜蘭,1.64,中央氣象局,宜蘭縣,"121,45,24","24,45,50","2022-05-23 15:00"
淡水,0,環境保護署,新北市,"121,26,57","25,9,52","2022-05-23 15:00"
澎湖,4.18,中央氣象局,澎湖縣,"119,33,47","23,33,56","2022-05-23 15:00"
新屋,1.27,中央氣象局,桃園市,"121,02,51","25,00,24","2022-05-23 15:00"
蘭嶼,2.23,中央氣象局,臺東縣,"121,33,30","22,02,13","2022-05-23 15:00"
臺北,1.49,中央氣象局,臺北市,"121,30,53","25,02,16","2022-05-23 15:00"
臺中,3.79,中央氣象局,臺中市,"120,41,03","24,08,45","2022-05-23 15:00"
恆春,1.81,中央氣象局,屏東縣,"120,44,47","22,00,14","2022-05-23 15:00"
基隆,0.78,中央氣象局,基隆市,"121,44,26","25,07,60","2022-05-23 15:00"
成功,5.46,中央氣象局,臺東縣,"121,22,24","23,05,51","2022-05-23 15:00"
桃園,1,環境保護署,桃園市,"121,18,31","24,59,12","2022-05-23 15:00"
彰化,4,環境保護署,彰化縣,"120,32,29","24,3,58","2022-05-23 15:00"
朴子,6,環境保護署,嘉義縣,"120,14,52","23,28,2","2022-05-23 15:00"
臺東,0.79,中央氣象局,臺東縣,"121,09,17","22,45,08","2022-05-23 15:00"
日月潭,2.68,中央氣象局,南投縣,"120,54,29","23,52,53","2022-05-23 15:00"
新營,4,環境保護署,臺南市,"120,19,2","23,18,20","2022-05-23 15:00"
沙鹿,4,環境保護署,臺中市,"120,34,8","24,13,32","2022-05-23 15:00"
金門,4.70,中央氣象局,金門縣,"118,17,21","24,24,26","2022-05-23 15:00"
嘉義,5.31,中央氣象局,嘉義市,"120,25,58","23,29,45","2022-05-23 15:00"
板橋,1,環境保護署,新北市,"121,27,31","25,0,47","2022-05-23 15:00"
斗六,4,環境保護署,雲林縣,"120,32,42","23,42,43","2022-05-23 15:00"
苗栗,1,環境保護署,苗栗縣,"120,49,13","24,33,55","2022-05-23 15:00"
南投,2,環境保護署,南投縣,"120,41,7","23,54,47","2022-05-23 15:00"
日月潭,2.67,中央氣象局,南投縣,"120,54,29","23,52,53","2022-05-23 14:00"
金門,4.88,中央氣象局,金門縣,"118,17,21","24,24,26","2022-05-23 14:00"
臺南,2.13,中央氣象局,臺南市,"120,12,17","22,59,36","2022-05-23 14:00"
玉山,6.22,中央氣象局,南投縣,"120,57,34","23,29,15","2022-05-23 14:00"
朴子,8,環境保護署,嘉義縣,"120,14,52","23,28,2","2022-05-23 14:00"
斗六,6,環境保護署,雲林縣,"120,32,42","23,42,43","2022-05-23 14:00"
橋頭,3,環境保護署,高雄市,"120,18,20","22,45,27","2022-05-23 14:00"
阿里山,3,環境保護署,嘉義縣,"120,48,5","23,30,31","2022-05-23 14:00"
新營,7,環境保護署,臺南市,"120,19,2","23,18,20","2022-05-23 14:00"
南投,1,環境保護署,南投縣,"120,41,7","23,54,47","2022-05-23 14:00"
彰化,6,環境保護署,彰化縣,"120,32,29","24,3,58","2022-05-23 14:00"
新竹,1.60,中央氣象局,新竹縣,"121,00,51","24,49,40","2022-05-23 14:00"
高雄,4.31,中央氣象局,高雄市,"120,18,45","22,43,50","2022-05-23 14:00"
苗栗,1,環境保護署,苗栗縣,"120,49,13","24,33,55","2022-05-23 14:00"
宜蘭,4.48,中央氣象局,宜蘭縣,"121,45,24","24,45,50","2022-05-23 14:00"
澎湖,7.26,中央氣象局,澎湖縣,"119,33,47","23,33,56","2022-05-23 14:00"
新屋,1.16,中央氣象局,桃園市,"121,02,51","25,00,24","2022-05-23 14:00"
臺中,6.67,中央氣象局,臺中市,"120,41,03","24,08,45","2022-05-23 14:00"
臺東,8.56,中央氣象局,臺東縣,"121,09,17","22,45,08","2022-05-23 14:00"
蘭嶼,2.56,中央氣象局,臺東縣,"121,33,30","22,02,13","2022-05-23 14:00"
馬祖,3.84,中央氣象局,連江縣,"119,55,24","26,10,09","2022-05-23 14:00"
桃園,1,環境保護署,桃園市,"121,18,31","24,59,12","2022-05-23 14:00"
成功,9.67,中央氣象局,臺東縣,"121,22,24","23,05,51","2022-05-23 14:00"
嘉義,6.63,中央氣象局,嘉義市,"120,25,58","23,29,45","2022-05-23 14:00"
鞍部,0.97,中央氣象局,臺北市,"121,31,47","25,10,57","2022-05-23 14:00"
恆春,5.89,中央氣象局,屏東縣,"120,44,47","22,00,14","2022-05-23 14:00"
淡水,1,環境保護署,新北市,"121,26,57","25,9,52","2022-05-23 14:00"
臺北,1.78,中央氣象局,臺北市,"121,30,53","25,02,16","2022-05-23 14:00"
基隆,1.08,中央氣象局,基隆市,"121,44,26","25,07,60","2022-05-23 14:00"
沙鹿,5,環境保護署,臺中市,"120,34,8","24,13,32","2022-05-23 14:00"
塔塔加,3,環境保護署,嘉義縣,"120,52,50","23,28,14","2022-05-23 14:00"
花蓮,7.06,中央氣象局,花蓮縣,"121,36,48","23,58,30","2022-05-23 14:00"
屏東,3,環境保護署,屏東縣,"120,29,17","22,40,23","2022-05-23 14:00"
板橋,1,環境保護署,新北市,"121,27,31","25,0,47","2022-05-23 14:00"
塔塔加,3.5,環境保護署,嘉義縣,"120,52,50","23,28,14","2022-05-23 13:00"
南投,2,環境保護署,南投縣,"120,41,7","23,54,47","2022-05-23 13:00"
斗六,5,環境保護署,雲林縣,"120,32,42","23,42,43","2022-05-23 13:00"
朴子,6,環境保護署,嘉義縣,"120,14,52","23,28,2","2022-05-23 13:00"
彰化,9,環境保護署,彰化縣,"120,32,29","24,3,58","2022-05-23 13:00"
新營,6,環境保護署,臺南市,"120,19,2","23,18,20","2022-05-23 13:00"
沙鹿,5,環境保護署,臺中市,"120,34,8","24,13,32","2022-05-23 13:00"
橋頭,3,環境保護署,高雄市,"120,18,20","22,45,27","2022-05-23 13:00"
阿里山,5,環境保護署,嘉義縣,"120,48,5","23,30,31","2022-05-23 13:00"
屏東,3,環境保護署,屏東縣,"120,29,17","22,40,23","2022-05-23 13:00"
苗栗,2,環境保護署,苗栗縣,"120,49,13","24,33,55","2022-05-23 13:00"
鞍部,1.45,中央氣象局,臺北市,"121,31,47","25,10,57","2022-05-23 13:00"
新竹,2.70,中央氣象局,新竹縣,"121,00,51","24,49,40","2022-05-23 13:00"
臺南,-999,中央氣象局,臺南市,"120,12,17","22,59,36","2022-05-23 13:00"
基隆,2.68,中央氣象局,基隆市,"121,44,26","25,07,60","2022-05-23 13:00"
玉山,9.06,中央氣象局,南投縣,"120,57,34","23,29,15","2022-05-23 13:00"
澎湖,7.61,中央氣象局,澎湖縣,"119,33,47","23,33,56","2022-05-23 13:00"
蘭嶼,2.93,中央氣象局,臺東縣,"121,33,30","22,02,13","2022-05-23 13:00"
嘉義,5.24,中央氣象局,嘉義市,"120,25,58","23,29,45","2022-05-23 13:00"
新屋,2.16,中央氣象局,桃園市,"121,02,51","25,00,24","2022-05-23 13:00"
高雄,3.28,中央氣象局,高雄市,"120,18,45","22,43,50","2022-05-23 13:00"
臺東,14.03,中央氣象局,臺東縣,"121,09,17","22,45,08","2022-05-23 13:00"
花蓮,5.93,中央氣象局,花蓮縣,"121,36,48","23,58,30","2022-05-23 13:00"
日月潭,3.71,中央氣象局,南投縣,"120,54,29","23,52,53","2022-05-23 13:00"
臺北,4.37,中央氣象局,臺北市,"121,30,53","25,02,16","2022-05-23 13:00"
馬祖,2.89,中央氣象局,連江縣,"119,55,24","26,10,09","2022-05-23 13:00"
恆春,6.96,中央氣象局,屏東縣,"120,44,47","22,00,14","2022-05-23 13:00"
臺中,8.66,中央氣象局,臺中市,"120,41,03","24,08,45","2022-05-23 13:00"
金門,4.98,中央氣象局,金門縣,"118,17,21","24,24,26","2022-05-23 13:00"
宜蘭,8.70,中央氣象局,宜蘭縣,"121,45,24","24,45,50","2022-05-23 13:00"
板橋,3,環境保護署,新北市,"121,27,31","25,0,47","2022-05-23 13:00"
淡水,2,環境保護署,新北市,"121,26,57","25,9,52","2022-05-23 13:00"
成功,11.84,中央氣象局,臺東縣,"121,22,24","23,05,51","2022-05-23 13:00"
桃園,1,環境保護署,桃園市,"121,18,31","24,59,12","2022-05-23 13:00"
臺中,5.19,中央氣象局,臺中市,"120,41,03","24,08,45","2022-05-23 12:00"
彰化,6,環境保護署,彰化縣,"120,32,29","24,3,58","2022-05-23 12:00"
馬祖,3.07,中央氣象局,連江縣,"119,55,24","26,10,09","2022-05-23 12:00"
阿里山,5,環境保護署,嘉義縣,"120,48,5","23,30,31","2022-05-23 12:00"
屏東,9,環境保護署,屏東縣,"120,29,17","22,40,23","2022-05-23 12:00"
塔塔加,3.2,環境保護署,嘉義縣,"120,52,50","23,28,14","2022-05-23 12:00"
斗六,8,環境保護署,雲林縣,"120,32,42","23,42,43","2022-05-23 12:00"
朴子,7,環境保護署,嘉義縣,"120,14,52","23,28,2","2022-05-23 12:00"
鞍部,2.09,中央氣象局,臺北市,"121,31,47","25,10,57","2022-05-23 12:00"
蘭嶼,3.95,中央氣象局,臺東縣,"121,33,30","22,02,13","2022-05-23 12:00"
新營,7,環境保護署,臺南市,"120,19,2","23,18,20","2022-05-23 12:00"
臺南,10.36,中央氣象局,臺南市,"120,12,17","22,59,36","2022-05-23 12:00"
日月潭,5.25,中央氣象局,南投縣,"120,54,29","23,52,53","2022-05-23 12:00"
基隆,4.75,中央氣象局,基隆市,"121,44,26","25,07,60","2022-05-23 12:00"
